<?xml version="1.0" standalone="yes"?>
<?xml-stylesheet href="x2script.xsl" type="text/xsl"?>
<!-- Generated using X-Studio -->
<script>
	<name>lib.zanzal.menu</name>
	<version>1</version>
	<engineversion>50</engineversion>
	<description></description>
	<arguments>
		<argument index="1" name="handle" type="Var/Array" desc="" />
	</arguments>
	<sourcetext>
		<line linenr="001" indent="">
			<comment>* ************************************************</comment>
		</line>
		<line linenr="002" indent="">
			<comment>* SCRIPT NAME: lib.zanzal.menu</comment>
		</line>
		<line linenr="003" indent="">
			<comment>* DESCRIPTION:</comment>
		</line>
		<line linenr="004" indent="">
			<comment>* </comment>
		</line>
		<line linenr="005" indent="">
			<comment>* AUTHOR: Zanzal          DATE: 25 January 2014</comment>
		</line>
		<line linenr="006" indent="">
			<comment>* ************************************************</comment>
		</line>
		<line linenr="007" indent="">
			<text>if</text>
			<text> </text>
			<text>size</text>
			<text> </text>
			<text>of</text>
			<text> </text>
			<text>array</text>
			<text> </text>
			<var>$handle</var>
		</line>
		<line linenr="008" indent="&#160;">
			<var>$menu.items</var>
			<text> </text>
			<text>=</text>
			<var>$handle</var>
			<text>[</text>
			<var>3</var>
			<text>]</text>
		</line>
		<line linenr="009" indent="&#160;">
			<var>$title</var>
			<text> </text>
			<text>=</text>
			<text> </text>
			<var>$handle</var>
			<text>[</text>
			<var>4</var>
			<text>]</text>
		</line>
		<line linenr="010" indent="&#160;">
			<var>$heading</var>
			<text> </text>
			<text>=</text>
			<text> </text>
			<var>$handle</var>
			<text>[</text>
			<var>5</var>
			<text>]</text>
		</line>
		<line linenr="011" indent="&#160;">
			<var>$maxoptions</var>
			<text> </text>
			<text>=</text>
			<text> </text>
			<var>$handle</var>
			<text>[</text>
			<var>6</var>
			<text>]</text>
		</line>
		<line linenr="012" indent="&#160;">
			<text>if</text>
			<text> </text>
			<var>$handle</var>
			<text>[</text>
			<var>2</var>
			<text>]</text>
		</line>
		<line linenr="013" indent="&#160;&#160;">
			<var>$result</var>
			<text> </text>
			<text>=</text>
			<text> </text>
			<text>open</text>
			<text> </text>
			<text>custom</text>
			<text> </text>
			<text>info</text>
			<text> </text>
			<text>menu</text>
			<text>:</text>
			<text> </text>
			<text>title</text>
			<text>=</text>
			<var>$title</var>
			<text> </text>
			<text>description</text>
			<text>=</text>
			<var>$heading</var>
			<text> </text>
			<text>option</text>
			<text> </text>
			<text>array</text>
			<text>=</text>
			<var>$menu.items</var>
			<text> </text>
			<text>maxoptions</text>
			<text>=</text>
			<var>$maxoptions</var>
		</line>
		<line linenr="014" indent="&#160;">
			<text>else</text>
		</line>
		<line linenr="015" indent="&#160;&#160;">
			<var>$result</var>
			<text> </text>
			<text>=</text>
			<text> </text>
			<text>open</text>
			<text> </text>
			<text>custom</text>
			<text> </text>
			<text>menu</text>
			<text>:</text>
			<text> </text>
			<text>title</text>
			<text>=</text>
			<var>$title</var>
			<text> </text>
			<text>description</text>
			<text>=</text>
			<var>$heading</var>
			<text> </text>
			<text>option</text>
			<text> </text>
			<text>array</text>
			<text>=</text>
			<var>$menu.items</var>
		</line>
		<line linenr="016" indent="&#160;">
			<text>end</text>
		</line>
		<line linenr="017" indent="&#160;">
			<var>$handle</var>
			<text>[</text>
			<var>0</var>
			<text>]</text>
			<text> </text>
			<text>=</text>
			<text> </text>
			<var>$result</var>
		</line>
		<line linenr="018" indent="&#160;">
			<var>$handle</var>
			<text>[</text>
			<var>1</var>
			<text>]</text>
			<text> </text>
			<text>=</text>
			<text> </text>
			<var>[FALSE]</var>
		</line>
		<line linenr="019" indent="">
			<text>end</text>
		</line>
		<line linenr="020" indent="" />
		<line linenr="021" indent="">
			<text>return</text>
			<text> </text>
			<var>null</var>
		</line>
	</sourcetext>
	<codearray>
		<sval type="array" size="10">
			<sval type="string" val="lib.zanzal.menu" />
			<sval type="int" val="50" />
			<sval type="string" val="" />
			<sval type="int" val="1" />
			<sval type="int" val="0" />
			<sval type="array" size="6">
				<sval type="string" val="handle" />
				<sval type="string" val="menu.items" />
				<sval type="string" val="title" />
				<sval type="string" val="heading" />
				<sval type="string" val="maxoptions" />
				<sval type="string" val="result" />
			</sval>
			<sval type="array" size="12">
				<sval type="array" size="4">
					<sval type="int" val="131" />
					<sval type="int" val="-1610609917" />
					<sval type="int" val="131074" />
					<sval type="int" val="0" />
				</sval>
				<sval type="array" size="6">
					<sval type="int" val="129" />
					<sval type="int" val="1" />
					<sval type="int" val="131074" />
					<sval type="int" val="0" />
					<sval type="int" val="4" />
					<sval type="int" val="3" />
				</sval>
				<sval type="array" size="6">
					<sval type="int" val="129" />
					<sval type="int" val="2" />
					<sval type="int" val="131074" />
					<sval type="int" val="0" />
					<sval type="int" val="4" />
					<sval type="int" val="4" />
				</sval>
				<sval type="array" size="6">
					<sval type="int" val="129" />
					<sval type="int" val="3" />
					<sval type="int" val="131074" />
					<sval type="int" val="0" />
					<sval type="int" val="4" />
					<sval type="int" val="5" />
				</sval>
				<sval type="array" size="6">
					<sval type="int" val="129" />
					<sval type="int" val="4" />
					<sval type="int" val="131074" />
					<sval type="int" val="0" />
					<sval type="int" val="4" />
					<sval type="int" val="6" />
				</sval>
				<sval type="array" size="6">
					<sval type="int" val="129" />
					<sval type="int" val="-1610610685" />
					<sval type="int" val="131074" />
					<sval type="int" val="0" />
					<sval type="int" val="4" />
					<sval type="int" val="2" />
				</sval>
				<sval type="array" size="10">
					<sval type="int" val="1489" />
					<sval type="int" val="5" />
					<sval type="int" val="131074" />
					<sval type="int" val="2" />
					<sval type="int" val="131074" />
					<sval type="int" val="3" />
					<sval type="int" val="131074" />
					<sval type="int" val="1" />
					<sval type="int" val="131074" />
					<sval type="int" val="4" />
				</sval>
				<sval type="array" size="2">
					<sval type="int" val="112" />
					<sval type="int" val="9" />
				</sval>
				<sval type="array" size="8">
					<sval type="int" val="1230" />
					<sval type="int" val="5" />
					<sval type="int" val="131074" />
					<sval type="int" val="2" />
					<sval type="int" val="131074" />
					<sval type="int" val="3" />
					<sval type="int" val="131074" />
					<sval type="int" val="1" />
				</sval>
				<sval type="array" size="7">
					<sval type="int" val="130" />
					<sval type="int" val="131074" />
					<sval type="int" val="0" />
					<sval type="int" val="4" />
					<sval type="int" val="0" />
					<sval type="int" val="131074" />
					<sval type="int" val="5" />
				</sval>
				<sval type="array" size="7">
					<sval type="int" val="130" />
					<sval type="int" val="131074" />
					<sval type="int" val="0" />
					<sval type="int" val="4" />
					<sval type="int" val="1" />
					<sval type="int" val="131075" />
					<sval type="int" val="9" />
				</sval>
				<sval type="array" size="3">
					<sval type="int" val="103" />
					<sval type="int" val="0" />
					<sval type="int" val="0" />
				</sval>
			</sval>
			<sval type="array" size="1">
				<sval type="array" size="2">
					<sval type="int" val="45" />
					<sval type="string" val="" />
				</sval>
			</sval>
			<sval type="array" size="10">
				<sval type="array" size="3">
					<sval type="int" val="0" />
					<sval type="int" val="1" />
					<sval type="string" val="************************************************" />
				</sval>
				<sval type="array" size="3">
					<sval type="int" val="0" />
					<sval type="int" val="1" />
					<sval type="string" val="SCRIPT NAME: lib.zanzal.menu" />
				</sval>
				<sval type="array" size="3">
					<sval type="int" val="0" />
					<sval type="int" val="1" />
					<sval type="string" val="DESCRIPTION:" />
				</sval>
				<sval type="array" size="3">
					<sval type="int" val="0" />
					<sval type="int" val="1" />
					<sval type="string" val="" />
				</sval>
				<sval type="array" size="3">
					<sval type="int" val="0" />
					<sval type="int" val="1" />
					<sval type="string" val="AUTHOR: Zanzal          DATE: 25 January 2014" />
				</sval>
				<sval type="array" size="3">
					<sval type="int" val="0" />
					<sval type="int" val="1" />
					<sval type="string" val="************************************************" />
				</sval>
				<sval type="array" size="2">
					<sval type="int" val="8" />
					<sval type="int" val="5" />
				</sval>
				<sval type="array" size="2">
					<sval type="int" val="9" />
					<sval type="int" val="4" />
				</sval>
				<sval type="array" size="2">
					<sval type="int" val="11" />
					<sval type="int" val="4" />
				</sval>
				<sval type="array" size="2">
					<sval type="int" val="11" />
					<sval type="int" val="2" />
				</sval>
			</sval>
			<sval type="int" val="0" />
		</sval>
	</codearray>
</script>
