<?xml version="1.0" standalone="yes"?>
<?xml-stylesheet href="x2script.xsl" type="text/xsl"?>
<!-- Generated using X-Studio -->
<script>
	<name>plugin.zanzal.shoppingassistant.menu</name>
	<version>1</version>
	<engineversion>50</engineversion>
	<description></description>
	<arguments>
		<argument index="1" name="ship" type="Var/Ship" desc="" />
	</arguments>
	<sourcetext>
		<line linenr="001" indent="">
			<comment>* ************************************************</comment>
		</line>
		<line linenr="002" indent="">
			<comment>* SCRIPT NAME: plugin.zanzal.shoppingassistant.menu.xml</comment>
		</line>
		<line linenr="003" indent="">
			<comment>* DESCRIPTION: </comment>
		</line>
		<line linenr="004" indent="">
			<comment>* </comment>
		</line>
		<line linenr="005" indent="">
			<comment>* AUTHOR:  Zanzal         DATE: 14 January 2014</comment>
		</line>
		<line linenr="006" indent="">
			<comment>* ************************************************</comment>
		</line>
		<line linenr="007" indent="">
			<var>$pageid</var>
			<text> </text>
			<text>=</text>
			<text> </text>
			<var>8104</var>
		</line>
		<line linenr="008" indent="" />
		<line linenr="009" indent="">
			<var>$shopping.list</var>
			<text> </text>
			<text>=</text>
			<text> </text>
			<var>$ship</var>
			<text>-&gt;</text>
			<text> </text>
			<text>get</text>
			<text> </text>
			<text>local</text>
			<text> </text>
			<text>variable</text>
			<text>:</text>
			<text> </text>
			<text>name</text>
			<text>=</text>
			<text>'plugin.zanzal.shoppinglist'</text>
		</line>
		<line linenr="010" indent="">
			<text>if</text>
			<text> </text>
			<var>$shopping.list</var>
			<text> </text>
			<text>==</text>
			<text> </text>
			<var>null</var>
		</line>
		<line linenr="011" indent="&#160;">
			<var>$shopping.list</var>
			<text> </text>
			<text>=</text>
			<text> </text>
			<text>array</text>
			<text> </text>
			<text>alloc</text>
			<text>:</text>
			<text> </text>
			<text>size</text>
			<text>=</text>
			<var>0</var>
		</line>
		<line linenr="012" indent="&#160;">
			<var>$ship</var>
			<text>-&gt;</text>
			<text> </text>
			<text>set</text>
			<text> </text>
			<text>local</text>
			<text> </text>
			<text>variable</text>
			<text>:</text>
			<text> </text>
			<text>name</text>
			<text>=</text>
			<text>'plugin.zanzal.shoppinglist'</text>
			<text> </text>
			<text>value</text>
			<text>=</text>
			<var>$shopping.list</var>
		</line>
		<line linenr="013" indent="">
			<text>end</text>
		</line>
		<line linenr="014" indent="" />
		<line linenr="015" indent="">
			<var>$shopping.assistant.text</var>
			<text> </text>
			<text>=</text>
			<text> </text>
			<text>read</text>
			<text> </text>
			<text>text</text>
			<text>:</text>
			<text> </text>
			<text>page</text>
			<text>=</text>
			<var>$pageid</var>
			<text> </text>
			<text>id</text>
			<text>=</text>
			<var>1</var>
		</line>
		<line linenr="016" indent="">
			<var>$shopping.list.text</var>
			<text> </text>
			<text>=</text>
			<text> </text>
			<text>read</text>
			<text> </text>
			<text>text</text>
			<text>:</text>
			<text> </text>
			<text>page</text>
			<text>=</text>
			<var>$pageid</var>
			<text> </text>
			<text>id</text>
			<text>=</text>
			<var>2</var>
		</line>
		<line linenr="017" indent="">
			<var>$shopping.qty.text</var>
			<text> </text>
			<text>=</text>
			<text> </text>
			<text>read</text>
			<text> </text>
			<text>text</text>
			<text>:</text>
			<text> </text>
			<text>page</text>
			<text>=</text>
			<var>$pageid</var>
			<text> </text>
			<text>id</text>
			<text>=</text>
			<var>3</var>
		</line>
		<line linenr="018" indent="">
			<var>$add.item.text</var>
			<text> </text>
			<text>=</text>
			<text> </text>
			<text>read</text>
			<text> </text>
			<text>text</text>
			<text>:</text>
			<text> </text>
			<text>page</text>
			<text>=</text>
			<var>$pageid</var>
			<text> </text>
			<text>id</text>
			<text>=</text>
			<var>4</var>
		</line>
		<line linenr="019" indent="">
			<var>$commands.list.text</var>
			<text> </text>
			<text>=</text>
			<text> </text>
			<text>read</text>
			<text> </text>
			<text>text</text>
			<text>:</text>
			<text> </text>
			<text>page</text>
			<text>=</text>
			<var>$pageid</var>
			<text> </text>
			<text>id</text>
			<text>=</text>
			<var>5</var>
		</line>
		<line linenr="020" indent="">
			<var>$select.ware.text</var>
			<text> </text>
			<text>=</text>
			<text> </text>
			<text>read</text>
			<text> </text>
			<text>text</text>
			<text>:</text>
			<text> </text>
			<text>page</text>
			<text>=</text>
			<var>$pageid</var>
			<text> </text>
			<text>id</text>
			<text>=</text>
			<var>7</var>
		</line>
		<line linenr="021" indent="">
			<var>$begin.shopping.text</var>
			<text> </text>
			<text>=</text>
			<text> </text>
			<text>read</text>
			<text> </text>
			<text>text</text>
			<text>:</text>
			<text> </text>
			<text>page</text>
			<text>=</text>
			<var>$pageid</var>
			<text> </text>
			<text>id</text>
			<text>=</text>
			<var>6</var>
		</line>
		<line linenr="022" indent="">
			<var>$current.qty.text</var>
			<text> </text>
			<text>=</text>
			<text> </text>
			<text>read</text>
			<text> </text>
			<text>text</text>
			<text>:</text>
			<text> </text>
			<text>page</text>
			<text>=</text>
			<var>$pageid</var>
			<text> </text>
			<text>id</text>
			<text>=</text>
			<var>8</var>
		</line>
		<line linenr="023" indent="">
			<var>$player.error.text</var>
			<text> </text>
			<text>=</text>
			<text> </text>
			<text>read</text>
			<text> </text>
			<text>text</text>
			<text>:</text>
			<text> </text>
			<text>page</text>
			<text>=</text>
			<var>$pageid</var>
			<text> </text>
			<text>id</text>
			<text>=</text>
			<var>9</var>
		</line>
		<line linenr="024" indent="">
			<var>$finishing.options.text</var>
			<text> </text>
			<text>=</text>
			<text> </text>
			<text>read</text>
			<text> </text>
			<text>text</text>
			<text>:</text>
			<text> </text>
			<text>page</text>
			<text>=</text>
			<var>$pageid</var>
			<text> </text>
			<text>id</text>
			<text>=</text>
			<var>10</var>
		</line>
		<line linenr="025" indent="">
			<var>$dock.at.text</var>
			<text> </text>
			<text>=</text>
			<text> </text>
			<text>read</text>
			<text> </text>
			<text>text</text>
			<text>:</text>
			<text> </text>
			<text>page</text>
			<text>=</text>
			<var>$pageid</var>
			<text> </text>
			<text>id</text>
			<text>=</text>
			<var>11</var>
		</line>
		<line linenr="026" indent="">
			<var>$notify.me.text</var>
			<text> </text>
			<text>=</text>
			<text> </text>
			<text>read</text>
			<text> </text>
			<text>text</text>
			<text>:</text>
			<text> </text>
			<text>page</text>
			<text>=</text>
			<var>$pageid</var>
			<text> </text>
			<text>id</text>
			<text>=</text>
			<var>12</var>
		</line>
		<line linenr="027" indent="">
			<var>$green.text</var>
			<text> </text>
			<text>=</text>
			<text> </text>
			<text>read</text>
			<text> </text>
			<text>text</text>
			<text>:</text>
			<text> </text>
			<text>page</text>
			<text>=</text>
			<var>$pageid</var>
			<text> </text>
			<text>id</text>
			<text>=</text>
			<var>13</var>
		</line>
		<line linenr="028" indent="">
			<var>$yellow.text</var>
			<text> </text>
			<text>=</text>
			<text> </text>
			<text>read</text>
			<text> </text>
			<text>text</text>
			<text>:</text>
			<text> </text>
			<text>page</text>
			<text>=</text>
			<var>$pageid</var>
			<text> </text>
			<text>id</text>
			<text>=</text>
			<var>15</var>
		</line>
		<line linenr="029" indent="">
			<var>$clear.menu.text</var>
			<text> </text>
			<text>=</text>
			<text> </text>
			<text>read</text>
			<text> </text>
			<text>text</text>
			<text>:</text>
			<text> </text>
			<text>page</text>
			<text>=</text>
			<var>$pageid</var>
			<text> </text>
			<text>id</text>
			<text>=</text>
			<var>18</var>
		</line>
		<line linenr="030" indent="" />
		<line linenr="031" indent="">
			<comment>* Get shopping destination if one has been set</comment>
		</line>
		<line linenr="032" indent="">
			<var>$dest.station</var>
			<text> </text>
			<text>=</text>
			<text> </text>
			<var>[THIS]</var>
			<text>-&gt;</text>
			<text> </text>
			<text>get</text>
			<text> </text>
			<text>local</text>
			<text> </text>
			<text>variable</text>
			<text>:</text>
			<text> </text>
			<text>name</text>
			<text>=</text>
			<text>'shoppingassistant.finaldestination'</text>
		</line>
		<line linenr="033" indent="">
			<text>if</text>
			<text> </text>
			<var>$dest.station</var>
			<text>-&gt;</text>
			<text> </text>
			<text>exists</text>
		</line>
		<line linenr="034" indent="&#160;">
			<var>$dest.station.text</var>
			<text> </text>
			<text>=</text>
			<text> </text>
			<text>sprintf</text>
			<text>:</text>
			<text> </text>
			<text>fmt</text>
			<text>=</text>
			<var>$yellow.text</var>
			<text>,</text>
			<text> </text>
			<var>$dest.station</var>
			<text>,</text>
			<text> </text>
			<var>null</var>
			<text>,</text>
			<text> </text>
			<var>null</var>
			<text>,</text>
			<text> </text>
			<var>null</var>
			<text>,</text>
			<text> </text>
			<var>null</var>
		</line>
		<line linenr="035" indent="">
			<text>else</text>
		</line>
		<line linenr="036" indent="&#160;">
			<var>$dest.station.text</var>
			<text> </text>
			<text>=</text>
			<text> </text>
			<text>''</text>
		</line>
		<line linenr="037" indent="">
			<text>end</text>
		</line>
		<line linenr="038" indent="" />
		<line linenr="039" indent="" />
		<line linenr="040" indent="">
			<text>if</text>
			<text> </text>
			<var>$ship</var>
			<text> </text>
			<text>==</text>
			<text> </text>
			<var>[PLAYERSHIP]</var>
		</line>
		<line linenr="041" indent="&#160;">
			<text>display</text>
			<text> </text>
			<text>subtitle</text>
			<text> </text>
			<text>text</text>
			<text>:</text>
			<text> </text>
			<text>text</text>
			<text>=</text>
			<var>$player.error.text</var>
			<text> </text>
			<text>duration</text>
			<text>=</text>
			<var>5000</var>
			<text> </text>
			<text>ms</text>
		</line>
		<line linenr="042" indent="&#160;">
			<text>return</text>
			<text> </text>
			<var>null</var>
		</line>
		<line linenr="043" indent="">
			<text>end</text>
		</line>
		<line linenr="044" indent="" />
		<line linenr="045" indent="">
			<var>$menu</var>
			<text> </text>
			<text>=</text>
			<text> </text>
			<text>create</text>
			<text> </text>
			<text>custom</text>
			<text> </text>
			<text>menu</text>
			<text> </text>
			<text>array</text>
		</line>
		<line linenr="046" indent="" />
		<line linenr="047" indent="">
			<var>$item</var>
			<text> </text>
			<text>=</text>
			<text> </text>
			<text>array</text>
			<text> </text>
			<text>alloc</text>
			<text>:</text>
			<text> </text>
			<text>size</text>
			<text>=</text>
			<var>6</var>
		</line>
		<line linenr="048" indent="">
			<var>$item</var>
			<text>[</text>
			<var>0</var>
			<text>]</text>
			<text> </text>
			<text>=</text>
			<text> </text>
			<var>1</var>
		</line>
		<line linenr="049" indent="">
			<var>$item</var>
			<text>[</text>
			<var>1</var>
			<text>]</text>
			<text> </text>
			<text>=</text>
			<text> </text>
			<var>$shopping.list.text</var>
		</line>
		<line linenr="050" indent="">
			<var>$item</var>
			<text>[</text>
			<var>2</var>
			<text>]</text>
			<text> </text>
			<text>=</text>
			<text> </text>
			<var>-1</var>
		</line>
		<line linenr="051" indent="">
			<var>$item</var>
			<text>[</text>
			<var>3</var>
			<text>]</text>
			<text> </text>
			<text>=</text>
			<text> </text>
			<var>$shopping.qty.text</var>
		</line>
		<line linenr="052" indent="">
			<var>$item</var>
			<text>[</text>
			<var>4</var>
			<text>]</text>
			<text> </text>
			<text>=</text>
			<text> </text>
			<var>-100</var>
		</line>
		<line linenr="053" indent="">
			<var>$item</var>
			<text>[</text>
			<var>5</var>
			<text>]</text>
			<text> </text>
			<text>=</text>
			<text> </text>
			<var>$current.qty.text</var>
		</line>
		<line linenr="054" indent="">
			<text>add</text>
			<text> </text>
			<text>custom</text>
			<text> </text>
			<text>menu</text>
			<text> </text>
			<text>heading</text>
			<text> </text>
			<text>to</text>
			<text> </text>
			<text>array</text>
			<text> </text>
			<var>$menu</var>
			<text>:</text>
			<text> </text>
			<text>title</text>
			<text>=</text>
			<var>$item</var>
		</line>
		<line linenr="055" indent="" />
		<line linenr="056" indent="">
			<comment>* ** START OF SHOPPING LIST ITEMS ***</comment>
		</line>
		<line linenr="057" indent="">
			<var>$shopping.menu.base</var>
			<text> </text>
			<text>=</text>
			<text> </text>
			<text>size</text>
			<text> </text>
			<text>of</text>
			<text> </text>
			<text>array</text>
			<text> </text>
			<var>$menu</var>
		</line>
		<line linenr="058" indent="" />
		<line linenr="059" indent="">
			<text>add</text>
			<text> </text>
			<text>section</text>
			<text> </text>
			<text>to</text>
			<text> </text>
			<text>custom</text>
			<text> </text>
			<text>menu</text>
			<text>:</text>
			<text> </text>
			<var>$menu</var>
		</line>
		<line linenr="060" indent="" />
		<line linenr="061" indent="">
			<var>$item</var>
			<text> </text>
			<text>=</text>
			<text> </text>
			<text>array</text>
			<text> </text>
			<text>alloc</text>
			<text>:</text>
			<text> </text>
			<text>size</text>
			<text>=</text>
			<var>2</var>
		</line>
		<line linenr="062" indent="">
			<var>$item</var>
			<text>[</text>
			<var>0</var>
			<text>]</text>
			<text> </text>
			<text>=</text>
			<text> </text>
			<var>1</var>
		</line>
		<line linenr="063" indent="">
			<var>$item</var>
			<text>[</text>
			<var>1</var>
			<text>]</text>
			<text> </text>
			<text>=</text>
			<text> </text>
			<var>$add.item.text</var>
		</line>
		<line linenr="064" indent="" />
		<line linenr="065" indent="">
			<var>$addware.params</var>
			<text> </text>
			<text>=</text>
			<text> </text>
			<text>array</text>
			<text> </text>
			<text>alloc</text>
			<text>:</text>
			<text> </text>
			<text>size</text>
			<text>=</text>
			<var>4</var>
		</line>
		<line linenr="066" indent="">
			<var>$addware.params</var>
			<text>[</text>
			<var>0</var>
			<text>]</text>
			<text> </text>
			<text>=</text>
			<text> </text>
			<var>$menu</var>
		</line>
		<line linenr="067" indent="">
			<var>$addware.params</var>
			<text>[</text>
			<var>1</var>
			<text>]</text>
			<text> </text>
			<text>=</text>
			<text> </text>
			<var>$shopping.list</var>
		</line>
		<line linenr="068" indent="">
			<var>$addware.params</var>
			<text>[</text>
			<var>2</var>
			<text>]</text>
			<text> </text>
			<text>=</text>
			<text> </text>
			<var>$shopping.menu.base</var>
		</line>
		<line linenr="069" indent="">
			<var>$addware.params</var>
			<text>[</text>
			<var>3</var>
			<text>]</text>
			<text> </text>
			<text>=</text>
			<text> </text>
			<var>$ship</var>
		</line>
		<line linenr="070" indent="">
			<var>$add.command.exec</var>
			<text> </text>
			<text>=</text>
			<text> </text>
			<text>create</text>
			<text> </text>
			<text>menu</text>
			<text> </text>
			<text>return</text>
			<text> </text>
			<text>value</text>
			<text>:</text>
			<text> </text>
			<text>open</text>
			<text> </text>
			<text>menu</text>
			<text>,</text>
			<text> </text>
			<text>menu</text>
			<text> </text>
			<text>script</text>
			<text>=</text>
			<text>'plugin.zanzal.shoppingassistant.menu.add'</text>
			<text>,</text>
			<text> </text>
			<text>script</text>
			<text> </text>
			<text>args</text>
			<text>=</text>
			<var>$addware.params</var>
		</line>
		<line linenr="071" indent="">
			<text>add</text>
			<text> </text>
			<text>custom</text>
			<text> </text>
			<text>menu</text>
			<text> </text>
			<text>item</text>
			<text> </text>
			<text>to</text>
			<text> </text>
			<text>array</text>
			<text> </text>
			<var>$menu</var>
			<text>:</text>
			<text> </text>
			<text>text</text>
			<text>=</text>
			<var>$item</var>
			<text> </text>
			<text>returnvalue</text>
			<text>=</text>
			<var>$add.command.exec</var>
		</line>
		<line linenr="072" indent="" />
		<line linenr="073" indent="">
			<var>$item</var>
			<text> </text>
			<text>=</text>
			<text> </text>
			<text>array</text>
			<text> </text>
			<text>alloc</text>
			<text>:</text>
			<text> </text>
			<text>size</text>
			<text>=</text>
			<var>2</var>
		</line>
		<line linenr="074" indent="">
			<var>$item</var>
			<text>[</text>
			<var>0</var>
			<text>]</text>
			<text> </text>
			<text>=</text>
			<text> </text>
			<var>1</var>
		</line>
		<line linenr="075" indent="">
			<var>$item</var>
			<text>[</text>
			<var>1</var>
			<text>]</text>
			<text> </text>
			<text>=</text>
			<text> </text>
			<var>$finishing.options.text</var>
		</line>
		<line linenr="076" indent="">
			<text>add</text>
			<text> </text>
			<text>custom</text>
			<text> </text>
			<text>menu</text>
			<text> </text>
			<text>heading</text>
			<text> </text>
			<text>to</text>
			<text> </text>
			<text>array</text>
			<text> </text>
			<var>$menu</var>
			<text>:</text>
			<text> </text>
			<text>title</text>
			<text>=</text>
			<var>$item</var>
		</line>
		<line linenr="077" indent="" />
		<line linenr="078" indent="">
			<comment>* Option: Dock At Station</comment>
		</line>
		<line linenr="079" indent="">
			<comment>* Create special open menu return value leaving a space for a parameter which we won't have until later.</comment>
		</line>
		<line linenr="080" indent="">
			<var>$selectstation.command.exec</var>
			<text> </text>
			<text>=</text>
			<text> </text>
			<text>array</text>
			<text> </text>
			<text>alloc</text>
			<text>:</text>
			<text> </text>
			<text>size</text>
			<text>=</text>
			<var>5</var>
		</line>
		<line linenr="081" indent="">
			<var>$selectstation.command.exec</var>
			<text>[</text>
			<var>0</var>
			<text>]</text>
			<text> </text>
			<text>=</text>
			<text> </text>
			<var>-1</var>
		</line>
		<line linenr="082" indent="">
			<var>$selectstation.command.exec</var>
			<text>[</text>
			<var>1</var>
			<text>]</text>
			<text> </text>
			<text>=</text>
			<text> </text>
			<text>'plugin.zanzal.shoppingassistant.menu.selectstation'</text>
		</line>
		<line linenr="083" indent="">
			<var>$selectstation.command.exec</var>
			<text>[</text>
			<var>2</var>
			<text>]</text>
			<text> </text>
			<text>=</text>
			<text> </text>
			<var>$menu</var>
		</line>
		<line linenr="084" indent="">
			<var>$selectstation.command.exec</var>
			<text>[</text>
			<var>3</var>
			<text>]</text>
			<text> </text>
			<text>=</text>
			<text> </text>
			<var>null</var>
		</line>
		<line linenr="085" indent="">
			<var>$selectstation.command.exec</var>
			<text>[</text>
			<var>4</var>
			<text>]</text>
			<text> </text>
			<text>=</text>
			<text> </text>
			<var>$ship</var>
		</line>
		<line linenr="086" indent="">
			<var>$idx</var>
			<text> </text>
			<text>=</text>
			<text> </text>
			<text>size</text>
			<text> </text>
			<text>of</text>
			<text> </text>
			<text>array</text>
			<text> </text>
			<var>$menu</var>
		</line>
		<line linenr="087" indent="" />
		<line linenr="088" indent="&#160;">
			<var>$item</var>
			<text> </text>
			<text>=</text>
			<text> </text>
			<text>array</text>
			<text> </text>
			<text>alloc</text>
			<text>:</text>
			<text> </text>
			<text>size</text>
			<text>=</text>
			<var>4</var>
		</line>
		<line linenr="089" indent="&#160;">
			<var>$item</var>
			<text>[</text>
			<var>0</var>
			<text>]</text>
			<text> </text>
			<text>=</text>
			<text> </text>
			<var>1</var>
		</line>
		<line linenr="090" indent="&#160;">
			<var>$item</var>
			<text>[</text>
			<var>1</var>
			<text>]</text>
			<text> </text>
			<text>=</text>
			<text> </text>
			<var>$dock.at.text</var>
		</line>
		<line linenr="091" indent="&#160;">
			<var>$item</var>
			<text>[</text>
			<var>2</var>
			<text>]</text>
			<text> </text>
			<text>=</text>
			<text> </text>
			<var>150</var>
		</line>
		<line linenr="092" indent="&#160;">
			<var>$item</var>
			<text>[</text>
			<var>3</var>
			<text>]</text>
			<text> </text>
			<text>=</text>
			<text> </text>
			<var>$dest.station.text</var>
		</line>
		<line linenr="093" indent="&#160;&#160;">
			<text>add</text>
			<text> </text>
			<text>custom</text>
			<text> </text>
			<text>menu</text>
			<text> </text>
			<text>item</text>
			<text> </text>
			<text>to</text>
			<text> </text>
			<text>array</text>
			<text> </text>
			<var>$menu</var>
			<text>:</text>
			<text> </text>
			<text>text</text>
			<text>=</text>
			<var>$item</var>
			<text> </text>
			<text>returnvalue</text>
			<text>=</text>
			<var>$selectstation.command.exec</var>
		</line>
		<line linenr="094" indent="&#160;&#160;">
			<var>$selectstation.command.exec</var>
			<text>[</text>
			<var>3</var>
			<text>]</text>
			<text> </text>
			<text>=</text>
			<text> </text>
			<var>$menu</var>
			<text>[</text>
			<var>$idx</var>
			<text>]</text>
		</line>
		<line linenr="095" indent="&#160;&#160;" />
		<line linenr="096" indent="&#160;&#160;">
			<comment>* Commands menu</comment>
		</line>
		<line linenr="097" indent="&#160;&#160;" />
		<line linenr="098" indent="&#160;">
			<var>$item</var>
			<text> </text>
			<text>=</text>
			<text> </text>
			<text>array</text>
			<text> </text>
			<text>alloc</text>
			<text>:</text>
			<text> </text>
			<text>size</text>
			<text>=</text>
			<var>2</var>
		</line>
		<line linenr="099" indent="&#160;">
			<var>$item</var>
			<text>[</text>
			<var>0</var>
			<text>]</text>
			<text> </text>
			<text>=</text>
			<text> </text>
			<var>1</var>
		</line>
		<line linenr="100" indent="">
			<var>$item</var>
			<text>[</text>
			<var>1</var>
			<text>]</text>
			<text> </text>
			<text>=</text>
			<text> </text>
			<var>$commands.list.text</var>
		</line>
		<line linenr="101" indent="">
			<text>add</text>
			<text> </text>
			<text>custom</text>
			<text> </text>
			<text>menu</text>
			<text> </text>
			<text>heading</text>
			<text> </text>
			<text>to</text>
			<text> </text>
			<text>array</text>
			<text> </text>
			<var>$menu</var>
			<text>:</text>
			<text> </text>
			<text>title</text>
			<text>=</text>
			<var>$item</var>
		</line>
		<line linenr="102" indent="" />
		<line linenr="103" indent="">
			<var>$item</var>
			<text> </text>
			<text>=</text>
			<text> </text>
			<text>array</text>
			<text> </text>
			<text>alloc</text>
			<text>:</text>
			<text> </text>
			<text>size</text>
			<text>=</text>
			<var>2</var>
		</line>
		<line linenr="104" indent="">
			<var>$item</var>
			<text>[</text>
			<var>0</var>
			<text>]</text>
			<text> </text>
			<text>=</text>
			<text> </text>
			<var>1</var>
		</line>
		<line linenr="105" indent="">
			<var>$item</var>
			<text>[</text>
			<var>1</var>
			<text>]</text>
			<text> </text>
			<text>=</text>
			<text> </text>
			<var>$begin.shopping.text</var>
		</line>
		<line linenr="106" indent="">
			<text>add</text>
			<text> </text>
			<text>custom</text>
			<text> </text>
			<text>menu</text>
			<text> </text>
			<text>item</text>
			<text> </text>
			<text>to</text>
			<text> </text>
			<text>array</text>
			<text> </text>
			<var>$menu</var>
			<text>:</text>
			<text> </text>
			<text>text</text>
			<text>=</text>
			<var>$item</var>
			<text> </text>
			<text>returnvalue</text>
			<text>=</text>
			<text>'shop'</text>
		</line>
		<line linenr="107" indent="" />
		<line linenr="108" indent="">
			<comment>* Clear command</comment>
		</line>
		<line linenr="109" indent="">
			<var>$item</var>
			<text> </text>
			<text>=</text>
			<text> </text>
			<text>array</text>
			<text> </text>
			<text>alloc</text>
			<text>:</text>
			<text> </text>
			<text>size</text>
			<text>=</text>
			<var>2</var>
		</line>
		<line linenr="110" indent="&#160;">
			<var>$item</var>
			<text>[</text>
			<var>0</var>
			<text>]</text>
			<text> </text>
			<text>=</text>
			<text> </text>
			<var>1</var>
		</line>
		<line linenr="111" indent="&#160;">
			<var>$item</var>
			<text>[</text>
			<var>1</var>
			<text>]</text>
			<text> </text>
			<text>=</text>
			<text> </text>
			<var>$clear.menu.text</var>
		</line>
		<line linenr="112" indent="">
			<text>add</text>
			<text> </text>
			<text>custom</text>
			<text> </text>
			<text>menu</text>
			<text> </text>
			<text>item</text>
			<text> </text>
			<text>to</text>
			<text> </text>
			<text>array</text>
			<text> </text>
			<var>$menu</var>
			<text>:</text>
			<text> </text>
			<text>text</text>
			<text>=</text>
			<var>$item</var>
			<text> </text>
			<text>returnvalue</text>
			<text>=</text>
			<text>'clear'</text>
		</line>
		<line linenr="113" indent="&#160;" />
		<line linenr="114" indent="&#160;" />
		<line linenr="115" indent="&#160;&#160;">
			<comment>* Recreate shopping list menu items</comment>
		</line>
		<line linenr="116" indent="&#160;&#160;">
			<text>if</text>
			<text> </text>
			<text>size</text>
			<text> </text>
			<text>of</text>
			<text> </text>
			<text>array</text>
			<text> </text>
			<var>$shopping.list</var>
		</line>
		<line linenr="117" indent="&#160;&#160;">
			<var>$shopping.list.tmp</var>
			<text> </text>
			<text>=</text>
			<text> </text>
			<text>clone</text>
			<text> </text>
			<text>array</text>
			<text> </text>
			<var>$shopping.list</var>
			<text> </text>
			<text>:</text>
			<text> </text>
			<text>index</text>
			<text> </text>
			<var>null</var>
			<text> </text>
			<text>...</text>
			<text> </text>
			<var>null</var>
		</line>
		<line linenr="118" indent="&#160;">
			<text>resize</text>
			<text> </text>
			<text>array</text>
			<text> </text>
			<var>$shopping.list</var>
			<text> </text>
			<text>to</text>
			<text> </text>
			<var>0</var>
		</line>
		<line linenr="119" indent="&#160;">
			<var>$tmp.no</var>
			<text> </text>
			<text>=</text>
			<text> </text>
			<var>0</var>
		</line>
		<line linenr="120" indent="">
			<var>$tmp.max</var>
			<text> </text>
			<text>=</text>
			<text> </text>
			<text>size</text>
			<text> </text>
			<text>of</text>
			<text> </text>
			<text>array</text>
			<text> </text>
			<var>$shopping.list.tmp</var>
		</line>
		<line linenr="121" indent="">
			<text>while</text>
			<text> </text>
			<var>$tmp.no</var>
			<text> </text>
			<text>&lt;</text>
			<text> </text>
			<var>$tmp.max</var>
		</line>
		<line linenr="122" indent="">
			<var>$tmp.item</var>
			<text> </text>
			<text>=</text>
			<text> </text>
			<var>$shopping.list.tmp</var>
			<text>[</text>
			<var>$tmp.no</var>
			<text>]</text>
		</line>
		<line linenr="123" indent="">
			<var>$ware</var>
			<text> </text>
			<text>=</text>
			<text> </text>
			<var>$tmp.item</var>
			<text>[</text>
			<var>1</var>
			<text>]</text>
		</line>
		<line linenr="124" indent="">
			<var>$ware.count</var>
			<text> </text>
			<text>=</text>
			<text> </text>
			<var>$tmp.item</var>
			<text>[</text>
			<var>0</var>
			<text>]</text>
		</line>
		<line linenr="125" indent="" interruptable="@">
			<text>=</text>
			<text> </text>
			<var>[THIS]</var>
			<text>-&gt;</text>
			<text> </text>
			<text>call</text>
			<text> </text>
			<text>script</text>
			<text> </text>
			<call>plugin.zanzal.shoppingassistant.menu.addtoshoppinglist</call>
			<text> </text>
			<text>:</text>
			<text> </text>
			<text>menu</text>
			<text>=</text>
			<var>$menu</var>
			<text> </text>
			<text>shopping.list</text>
			<text>=</text>
			<var>$shopping.list</var>
			<text> </text>
			<text>shopping.menu.base</text>
			<text>=</text>
			<var>$shopping.menu.base</var>
			<text> </text>
			<text>refobj</text>
			<text>=</text>
			<var>$ship</var>
			<text> </text>
			<text>ware</text>
			<text>=</text>
			<var>$ware</var>
			<text> </text>
			<text>ware.count</text>
			<text>=</text>
			<var>$ware.count</var>
		</line>
		<line linenr="126" indent="">
			<text>inc</text>
			<text> </text>
			<var>$tmp.no</var>
		</line>
		<line linenr="127" indent="">
			<text>end</text>
		</line>
		<line linenr="128" indent="" interruptable="@">
			<text>=</text>
			<text> </text>
			<var>[THIS]</var>
			<text>-&gt;</text>
			<text> </text>
			<text>call</text>
			<text> </text>
			<text>script</text>
			<text> </text>
			<call>plugin.zanzal.shoppingassistant.menu.updatemenumax</call>
			<text> </text>
			<text>:</text>
			<text> </text>
			<text>menu</text>
			<text>=</text>
			<var>$menu</var>
			<text> </text>
			<text>shopping.list</text>
			<text>=</text>
			<var>$shopping.list</var>
			<text> </text>
			<text>shopping.menu.base</text>
			<text>=</text>
			<var>$shopping.menu.base</var>
			<text> </text>
			<text>refobj</text>
			<text>=</text>
			<var>$ship</var>
		</line>
		<line linenr="129" indent="">
			<text>end</text>
		</line>
		<line linenr="130" indent="" />
		<line linenr="131" indent="">
			<var>again</var>
			<text>:</text>
		</line>
		<line linenr="132" indent="" />
		<line linenr="133" indent="" interruptable="@">
			<var>$handle</var>
			<text> </text>
			<text>=</text>
			<text> </text>
			<var>[THIS]</var>
			<text>-&gt;</text>
			<text> </text>
			<text>call</text>
			<text> </text>
			<text>script</text>
			<text> </text>
			<call>lib.zanzal.createmenu</call>
			<text> </text>
			<text>:</text>
			<text> </text>
			<text>title</text>
			<text>=</text>
			<var>$shopping.assistant.text</var>
			<text> </text>
			<text>heading</text>
			<text>=</text>
			<var>null</var>
			<text> </text>
			<text>menu.items</text>
			<text>=</text>
			<var>$menu</var>
			<text> </text>
			<text>large.menu</text>
			<text>=</text>
			<var>[FALSE]</var>
		</line>
		<line linenr="134" indent="" interruptable="@">
			<text>while</text>
			<text> </text>
			<var>[THIS]</var>
			<text>-&gt;</text>
			<text> </text>
			<text>call</text>
			<text> </text>
			<text>script</text>
			<text> </text>
			<call>lib.zanzal.ismenuopen</call>
			<text> </text>
			<text>:</text>
			<text> </text>
			<text>handle</text>
			<text>=</text>
			<var>$handle</var>
		</line>
		<line linenr="135" indent="">
			<text>end</text>
		</line>
		<line linenr="136" indent="">
			<var>$result</var>
			<text> </text>
			<text>=</text>
			<text> </text>
			<var>$handle</var>
			<text>[</text>
			<var>0</var>
			<text>]</text>
		</line>
		<line linenr="137" indent="" />
		<line linenr="138" indent="">
			<text>if</text>
			<text> </text>
			<var>$result</var>
			<text> </text>
			<text>==</text>
			<text> </text>
			<text>'shop'</text>
		</line>
		<line linenr="139" indent="">
			<var>$ship</var>
			<text>-&gt;</text>
			<text> </text>
			<text>begin</text>
			<text> </text>
			<text>task</text>
			<text> </text>
			<var>0</var>
			<text> </text>
			<text>with</text>
			<text> </text>
			<text>script</text>
			<text> </text>
			<call>plugin.zanzal.shoppingassistant.main</call>
			<text> </text>
			<text>and</text>
			<text> </text>
			<text>priority</text>
			<text> </text>
			<var>100</var>
			<text>:</text>
			<text> </text>
			<text>arg1</text>
			<text>=</text>
			<var>$shopping.list</var>
			<text> </text>
			<text>arg2</text>
			<text>=</text>
			<var>null</var>
			<text> </text>
			<text>arg3</text>
			<text>=</text>
			<var>null</var>
			<text> </text>
			<text>arg4</text>
			<text>=</text>
			<var>null</var>
			<text> </text>
			<text>arg5</text>
			<text>=</text>
			<var>null</var>
		</line>
		<line linenr="140" indent="" interruptable="@">
			<text>START</text>
			<text> </text>
			<text>speak</text>
			<text> </text>
			<text>text</text>
			<text>:</text>
			<text> </text>
			<text>page</text>
			<text>=</text>
			<var>13</var>
			<text> </text>
			<text>id</text>
			<text>=</text>
			<var>131</var>
			<text> </text>
			<text>priority</text>
			<text>=</text>
			<var>100</var>
		</line>
		<line linenr="141" indent="">
			<text>else</text>
			<text> </text>
			<text>if</text>
			<text> </text>
			<var>$result</var>
			<text> </text>
			<text>==</text>
			<text> </text>
			<text>'clear'</text>
		</line>
		<line linenr="142" indent="">
			<var>$ware.count</var>
			<text> </text>
			<text>=</text>
			<text> </text>
			<text>size</text>
			<text> </text>
			<text>of</text>
			<text> </text>
			<text>array</text>
			<text> </text>
			<var>$shopping.list</var>
		</line>
		<line linenr="143" indent="">
			<text>while</text>
			<text> </text>
			<var>$ware.count</var>
			<text> </text>
			<text>&gt;</text>
			<text> </text>
			<var>0</var>
		</line>
		<line linenr="144" indent="">
			<text>remove</text>
			<text> </text>
			<text>element</text>
			<text> </text>
			<text>from</text>
			<text> </text>
			<text>array</text>
			<text> </text>
			<var>$menu</var>
			<text> </text>
			<text>at</text>
			<text> </text>
			<text>index</text>
			<text> </text>
			<var>$shopping.menu.base</var>
		</line>
		<line linenr="145" indent="">
			<text>remove</text>
			<text> </text>
			<text>element</text>
			<text> </text>
			<text>from</text>
			<text> </text>
			<text>array</text>
			<text> </text>
			<var>$shopping.list</var>
			<text> </text>
			<text>at</text>
			<text> </text>
			<text>index</text>
			<text> </text>
			<var>0</var>
		</line>
		<line linenr="146" indent="">
			<text>dec</text>
			<text> </text>
			<var>$ware.count</var>
		</line>
		<line linenr="147" indent="">
			<text>end</text>
		</line>
		<line linenr="148" indent="">
			<text>goto</text>
			<text> </text>
			<text>label</text>
			<text> </text>
			<var>again</var>
			<text>:</text>
		</line>
		<line linenr="149" indent="">
			<text>end</text>
		</line>
		<line linenr="150" indent="" />
		<line linenr="151" indent="" />
		<line linenr="152" indent="">
			<text>return</text>
			<text> </text>
			<var>null</var>
		</line>
		<line linenr="153" indent="" />
		<line linenr="154" indent="" />
		<line linenr="155" indent="" />
		<line linenr="156" indent="" />
	</sourcetext>
	<codearray>
		<sval type="array" size="10">
			<sval type="string" val="plugin.zanzal.shoppingassistant.menu" />
			<sval type="int" val="50" />
			<sval type="string" val="" />
			<sval type="int" val="1" />
			<sval type="int" val="0" />
			<sval type="array" size="35">
				<sval type="string" val="ship" />
				<sval type="string" val="pageid" />
				<sval type="string" val="shopping.list" />
				<sval type="string" val="shopping.assistant.text" />
				<sval type="string" val="shopping.list.text" />
				<sval type="string" val="shopping.qty.text" />
				<sval type="string" val="add.item.text" />
				<sval type="string" val="commands.list.text" />
				<sval type="string" val="select.ware.text" />
				<sval type="string" val="begin.shopping.text" />
				<sval type="string" val="current.qty.text" />
				<sval type="string" val="player.error.text" />
				<sval type="string" val="finishing.options.text" />
				<sval type="string" val="dock.at.text" />
				<sval type="string" val="notify.me.text" />
				<sval type="string" val="green.text" />
				<sval type="string" val="yellow.text" />
				<sval type="string" val="clear.menu.text" />
				<sval type="string" val="dest.station" />
				<sval type="string" val="dest.station.text" />
				<sval type="string" val="menu" />
				<sval type="string" val="item" />
				<sval type="string" val="shopping.menu.base" />
				<sval type="string" val="addware.params" />
				<sval type="string" val="add.command.exec" />
				<sval type="string" val="selectstation.command.exec" />
				<sval type="string" val="idx" />
				<sval type="string" val="shopping.list.tmp" />
				<sval type="string" val="tmp.no" />
				<sval type="string" val="tmp.max" />
				<sval type="string" val="tmp.item" />
				<sval type="string" val="ware" />
				<sval type="string" val="ware.count" />
				<sval type="string" val="handle" />
				<sval type="string" val="result" />
			</sval>
			<sval type="array" size="110">
				<sval type="array" size="7">
					<sval type="int" val="104" />
					<sval type="int" val="1" />
					<sval type="int" val="1" />
					<sval type="int" val="4" />
					<sval type="int" val="8104" />
					<sval type="int" val="1" />
					<sval type="int" val="-1" />
				</sval>
				<sval type="array" size="6">
					<sval type="int" val="156" />
					<sval type="int" val="131074" />
					<sval type="int" val="0" />
					<sval type="int" val="5" />
					<sval type="string" val="plugin.zanzal.shoppinglist" />
					<sval type="int" val="2" />
				</sval>
				<sval type="array" size="13">
					<sval type="int" val="104" />
					<sval type="int" val="-1610611453" />
					<sval type="int" val="3" />
					<sval type="int" val="131074" />
					<sval type="int" val="2" />
					<sval type="int" val="0" />
					<sval type="int" val="0" />
					<sval type="int" val="15" />
					<sval type="int" val="0" />
					<sval type="int" val="3" />
					<sval type="int" val="-1" />
					<sval type="int" val="0" />
					<sval type="int" val="-2" />
				</sval>
				<sval type="array" size="4">
					<sval type="int" val="128" />
					<sval type="int" val="2" />
					<sval type="int" val="4" />
					<sval type="int" val="0" />
				</sval>
				<sval type="array" size="7">
					<sval type="int" val="155" />
					<sval type="int" val="131074" />
					<sval type="int" val="0" />
					<sval type="int" val="5" />
					<sval type="string" val="plugin.zanzal.shoppinglist" />
					<sval type="int" val="131074" />
					<sval type="int" val="2" />
				</sval>
				<sval type="array" size="6">
					<sval type="int" val="126" />
					<sval type="int" val="3" />
					<sval type="int" val="131074" />
					<sval type="int" val="1" />
					<sval type="int" val="4" />
					<sval type="int" val="1" />
				</sval>
				<sval type="array" size="6">
					<sval type="int" val="126" />
					<sval type="int" val="4" />
					<sval type="int" val="131074" />
					<sval type="int" val="1" />
					<sval type="int" val="4" />
					<sval type="int" val="2" />
				</sval>
				<sval type="array" size="6">
					<sval type="int" val="126" />
					<sval type="int" val="5" />
					<sval type="int" val="131074" />
					<sval type="int" val="1" />
					<sval type="int" val="4" />
					<sval type="int" val="3" />
				</sval>
				<sval type="array" size="6">
					<sval type="int" val="126" />
					<sval type="int" val="6" />
					<sval type="int" val="131074" />
					<sval type="int" val="1" />
					<sval type="int" val="4" />
					<sval type="int" val="4" />
				</sval>
				<sval type="array" size="6">
					<sval type="int" val="126" />
					<sval type="int" val="7" />
					<sval type="int" val="131074" />
					<sval type="int" val="1" />
					<sval type="int" val="4" />
					<sval type="int" val="5" />
				</sval>
				<sval type="array" size="6">
					<sval type="int" val="126" />
					<sval type="int" val="8" />
					<sval type="int" val="131074" />
					<sval type="int" val="1" />
					<sval type="int" val="4" />
					<sval type="int" val="7" />
				</sval>
				<sval type="array" size="6">
					<sval type="int" val="126" />
					<sval type="int" val="9" />
					<sval type="int" val="131074" />
					<sval type="int" val="1" />
					<sval type="int" val="4" />
					<sval type="int" val="6" />
				</sval>
				<sval type="array" size="6">
					<sval type="int" val="126" />
					<sval type="int" val="10" />
					<sval type="int" val="131074" />
					<sval type="int" val="1" />
					<sval type="int" val="4" />
					<sval type="int" val="8" />
				</sval>
				<sval type="array" size="6">
					<sval type="int" val="126" />
					<sval type="int" val="11" />
					<sval type="int" val="131074" />
					<sval type="int" val="1" />
					<sval type="int" val="4" />
					<sval type="int" val="9" />
				</sval>
				<sval type="array" size="6">
					<sval type="int" val="126" />
					<sval type="int" val="12" />
					<sval type="int" val="131074" />
					<sval type="int" val="1" />
					<sval type="int" val="4" />
					<sval type="int" val="10" />
				</sval>
				<sval type="array" size="6">
					<sval type="int" val="126" />
					<sval type="int" val="13" />
					<sval type="int" val="131074" />
					<sval type="int" val="1" />
					<sval type="int" val="4" />
					<sval type="int" val="11" />
				</sval>
				<sval type="array" size="6">
					<sval type="int" val="126" />
					<sval type="int" val="14" />
					<sval type="int" val="131074" />
					<sval type="int" val="1" />
					<sval type="int" val="4" />
					<sval type="int" val="12" />
				</sval>
				<sval type="array" size="6">
					<sval type="int" val="126" />
					<sval type="int" val="15" />
					<sval type="int" val="131074" />
					<sval type="int" val="1" />
					<sval type="int" val="4" />
					<sval type="int" val="13" />
				</sval>
				<sval type="array" size="6">
					<sval type="int" val="126" />
					<sval type="int" val="16" />
					<sval type="int" val="131074" />
					<sval type="int" val="1" />
					<sval type="int" val="4" />
					<sval type="int" val="15" />
				</sval>
				<sval type="array" size="6">
					<sval type="int" val="126" />
					<sval type="int" val="17" />
					<sval type="int" val="131074" />
					<sval type="int" val="1" />
					<sval type="int" val="4" />
					<sval type="int" val="18" />
				</sval>
				<sval type="array" size="6">
					<sval type="int" val="156" />
					<sval type="int" val="131075" />
					<sval type="int" val="1" />
					<sval type="int" val="5" />
					<sval type="string" val="shoppingassistant.finaldestination" />
					<sval type="int" val="18" />
				</sval>
				<sval type="array" size="4">
					<sval type="int" val="706" />
					<sval type="int" val="131074" />
					<sval type="int" val="18" />
					<sval type="int" val="-1610606589" />
				</sval>
				<sval type="array" size="14">
					<sval type="int" val="149" />
					<sval type="int" val="19" />
					<sval type="int" val="131074" />
					<sval type="int" val="16" />
					<sval type="int" val="131074" />
					<sval type="int" val="18" />
					<sval type="int" val="0" />
					<sval type="int" val="0" />
					<sval type="int" val="0" />
					<sval type="int" val="0" />
					<sval type="int" val="0" />
					<sval type="int" val="0" />
					<sval type="int" val="0" />
					<sval type="int" val="0" />
				</sval>
				<sval type="array" size="2">
					<sval type="int" val="112" />
					<sval type="int" val="25" />
				</sval>
				<sval type="array" size="7">
					<sval type="int" val="104" />
					<sval type="int" val="19" />
					<sval type="int" val="1" />
					<sval type="int" val="5" />
					<sval type="string" val="" />
					<sval type="int" val="1" />
					<sval type="int" val="-1" />
				</sval>
				<sval type="array" size="13">
					<sval type="int" val="104" />
					<sval type="int" val="-1610605565" />
					<sval type="int" val="3" />
					<sval type="int" val="131074" />
					<sval type="int" val="0" />
					<sval type="int" val="131075" />
					<sval type="int" val="3" />
					<sval type="int" val="15" />
					<sval type="int" val="0" />
					<sval type="int" val="3" />
					<sval type="int" val="-1" />
					<sval type="int" val="0" />
					<sval type="int" val="-2" />
				</sval>
				<sval type="array" size="5">
					<sval type="int" val="1418" />
					<sval type="int" val="131074" />
					<sval type="int" val="11" />
					<sval type="int" val="4" />
					<sval type="int" val="5000" />
				</sval>
				<sval type="array" size="3">
					<sval type="int" val="103" />
					<sval type="int" val="0" />
					<sval type="int" val="0" />
				</sval>
				<sval type="array" size="2">
					<sval type="int" val="1445" />
					<sval type="int" val="20" />
				</sval>
				<sval type="array" size="4">
					<sval type="int" val="128" />
					<sval type="int" val="21" />
					<sval type="int" val="4" />
					<sval type="int" val="6" />
				</sval>
				<sval type="array" size="7">
					<sval type="int" val="130" />
					<sval type="int" val="131074" />
					<sval type="int" val="21" />
					<sval type="int" val="4" />
					<sval type="int" val="0" />
					<sval type="int" val="4" />
					<sval type="int" val="1" />
				</sval>
				<sval type="array" size="7">
					<sval type="int" val="130" />
					<sval type="int" val="131074" />
					<sval type="int" val="21" />
					<sval type="int" val="4" />
					<sval type="int" val="1" />
					<sval type="int" val="131074" />
					<sval type="int" val="4" />
				</sval>
				<sval type="array" size="7">
					<sval type="int" val="130" />
					<sval type="int" val="131074" />
					<sval type="int" val="21" />
					<sval type="int" val="4" />
					<sval type="int" val="2" />
					<sval type="int" val="4" />
					<sval type="int" val="-1" />
				</sval>
				<sval type="array" size="7">
					<sval type="int" val="130" />
					<sval type="int" val="131074" />
					<sval type="int" val="21" />
					<sval type="int" val="4" />
					<sval type="int" val="3" />
					<sval type="int" val="131074" />
					<sval type="int" val="5" />
				</sval>
				<sval type="array" size="7">
					<sval type="int" val="130" />
					<sval type="int" val="131074" />
					<sval type="int" val="21" />
					<sval type="int" val="4" />
					<sval type="int" val="4" />
					<sval type="int" val="4" />
					<sval type="int" val="-100" />
				</sval>
				<sval type="array" size="7">
					<sval type="int" val="130" />
					<sval type="int" val="131074" />
					<sval type="int" val="21" />
					<sval type="int" val="4" />
					<sval type="int" val="5" />
					<sval type="int" val="131074" />
					<sval type="int" val="10" />
				</sval>
				<sval type="array" size="5">
					<sval type="int" val="1448" />
					<sval type="int" val="131074" />
					<sval type="int" val="20" />
					<sval type="int" val="131074" />
					<sval type="int" val="21" />
				</sval>
				<sval type="array" size="4">
					<sval type="int" val="131" />
					<sval type="int" val="22" />
					<sval type="int" val="131074" />
					<sval type="int" val="20" />
				</sval>
				<sval type="array" size="3">
					<sval type="int" val="1522" />
					<sval type="int" val="131074" />
					<sval type="int" val="20" />
				</sval>
				<sval type="array" size="4">
					<sval type="int" val="128" />
					<sval type="int" val="21" />
					<sval type="int" val="4" />
					<sval type="int" val="2" />
				</sval>
				<sval type="array" size="7">
					<sval type="int" val="130" />
					<sval type="int" val="131074" />
					<sval type="int" val="21" />
					<sval type="int" val="4" />
					<sval type="int" val="0" />
					<sval type="int" val="4" />
					<sval type="int" val="1" />
				</sval>
				<sval type="array" size="7">
					<sval type="int" val="130" />
					<sval type="int" val="131074" />
					<sval type="int" val="21" />
					<sval type="int" val="4" />
					<sval type="int" val="1" />
					<sval type="int" val="131074" />
					<sval type="int" val="6" />
				</sval>
				<sval type="array" size="4">
					<sval type="int" val="128" />
					<sval type="int" val="23" />
					<sval type="int" val="4" />
					<sval type="int" val="4" />
				</sval>
				<sval type="array" size="7">
					<sval type="int" val="130" />
					<sval type="int" val="131074" />
					<sval type="int" val="23" />
					<sval type="int" val="4" />
					<sval type="int" val="0" />
					<sval type="int" val="131074" />
					<sval type="int" val="20" />
				</sval>
				<sval type="array" size="7">
					<sval type="int" val="130" />
					<sval type="int" val="131074" />
					<sval type="int" val="23" />
					<sval type="int" val="4" />
					<sval type="int" val="1" />
					<sval type="int" val="131074" />
					<sval type="int" val="2" />
				</sval>
				<sval type="array" size="7">
					<sval type="int" val="130" />
					<sval type="int" val="131074" />
					<sval type="int" val="23" />
					<sval type="int" val="4" />
					<sval type="int" val="2" />
					<sval type="int" val="131074" />
					<sval type="int" val="22" />
				</sval>
				<sval type="array" size="7">
					<sval type="int" val="130" />
					<sval type="int" val="131074" />
					<sval type="int" val="23" />
					<sval type="int" val="4" />
					<sval type="int" val="3" />
					<sval type="int" val="131074" />
					<sval type="int" val="0" />
				</sval>
				<sval type="array" size="6">
					<sval type="int" val="1547" />
					<sval type="int" val="24" />
					<sval type="int" val="5" />
					<sval type="string" val="plugin.zanzal.shoppingassistant.menu.add" />
					<sval type="int" val="131074" />
					<sval type="int" val="23" />
				</sval>
				<sval type="array" size="7">
					<sval type="int" val="1447" />
					<sval type="int" val="131074" />
					<sval type="int" val="20" />
					<sval type="int" val="131074" />
					<sval type="int" val="21" />
					<sval type="int" val="131074" />
					<sval type="int" val="24" />
				</sval>
				<sval type="array" size="4">
					<sval type="int" val="128" />
					<sval type="int" val="21" />
					<sval type="int" val="4" />
					<sval type="int" val="2" />
				</sval>
				<sval type="array" size="7">
					<sval type="int" val="130" />
					<sval type="int" val="131074" />
					<sval type="int" val="21" />
					<sval type="int" val="4" />
					<sval type="int" val="0" />
					<sval type="int" val="4" />
					<sval type="int" val="1" />
				</sval>
				<sval type="array" size="7">
					<sval type="int" val="130" />
					<sval type="int" val="131074" />
					<sval type="int" val="21" />
					<sval type="int" val="4" />
					<sval type="int" val="1" />
					<sval type="int" val="131074" />
					<sval type="int" val="12" />
				</sval>
				<sval type="array" size="5">
					<sval type="int" val="1448" />
					<sval type="int" val="131074" />
					<sval type="int" val="20" />
					<sval type="int" val="131074" />
					<sval type="int" val="21" />
				</sval>
				<sval type="array" size="4">
					<sval type="int" val="128" />
					<sval type="int" val="25" />
					<sval type="int" val="4" />
					<sval type="int" val="5" />
				</sval>
				<sval type="array" size="7">
					<sval type="int" val="130" />
					<sval type="int" val="131074" />
					<sval type="int" val="25" />
					<sval type="int" val="4" />
					<sval type="int" val="0" />
					<sval type="int" val="4" />
					<sval type="int" val="-1" />
				</sval>
				<sval type="array" size="7">
					<sval type="int" val="130" />
					<sval type="int" val="131074" />
					<sval type="int" val="25" />
					<sval type="int" val="4" />
					<sval type="int" val="1" />
					<sval type="int" val="5" />
					<sval type="string" val="plugin.zanzal.shoppingassistant.menu.selectstation" />
				</sval>
				<sval type="array" size="7">
					<sval type="int" val="130" />
					<sval type="int" val="131074" />
					<sval type="int" val="25" />
					<sval type="int" val="4" />
					<sval type="int" val="2" />
					<sval type="int" val="131074" />
					<sval type="int" val="20" />
				</sval>
				<sval type="array" size="7">
					<sval type="int" val="130" />
					<sval type="int" val="131074" />
					<sval type="int" val="25" />
					<sval type="int" val="4" />
					<sval type="int" val="3" />
					<sval type="int" val="0" />
					<sval type="int" val="0" />
				</sval>
				<sval type="array" size="7">
					<sval type="int" val="130" />
					<sval type="int" val="131074" />
					<sval type="int" val="25" />
					<sval type="int" val="4" />
					<sval type="int" val="4" />
					<sval type="int" val="131074" />
					<sval type="int" val="0" />
				</sval>
				<sval type="array" size="4">
					<sval type="int" val="131" />
					<sval type="int" val="26" />
					<sval type="int" val="131074" />
					<sval type="int" val="20" />
				</sval>
				<sval type="array" size="4">
					<sval type="int" val="128" />
					<sval type="int" val="21" />
					<sval type="int" val="4" />
					<sval type="int" val="4" />
				</sval>
				<sval type="array" size="7">
					<sval type="int" val="130" />
					<sval type="int" val="131074" />
					<sval type="int" val="21" />
					<sval type="int" val="4" />
					<sval type="int" val="0" />
					<sval type="int" val="4" />
					<sval type="int" val="1" />
				</sval>
				<sval type="array" size="7">
					<sval type="int" val="130" />
					<sval type="int" val="131074" />
					<sval type="int" val="21" />
					<sval type="int" val="4" />
					<sval type="int" val="1" />
					<sval type="int" val="131074" />
					<sval type="int" val="13" />
				</sval>
				<sval type="array" size="7">
					<sval type="int" val="130" />
					<sval type="int" val="131074" />
					<sval type="int" val="21" />
					<sval type="int" val="4" />
					<sval type="int" val="2" />
					<sval type="int" val="4" />
					<sval type="int" val="150" />
				</sval>
				<sval type="array" size="7">
					<sval type="int" val="130" />
					<sval type="int" val="131074" />
					<sval type="int" val="21" />
					<sval type="int" val="4" />
					<sval type="int" val="3" />
					<sval type="int" val="131074" />
					<sval type="int" val="19" />
				</sval>
				<sval type="array" size="7">
					<sval type="int" val="1447" />
					<sval type="int" val="131074" />
					<sval type="int" val="20" />
					<sval type="int" val="131074" />
					<sval type="int" val="21" />
					<sval type="int" val="131074" />
					<sval type="int" val="25" />
				</sval>
				<sval type="array" size="9">
					<sval type="int" val="1092" />
					<sval type="int" val="131074" />
					<sval type="int" val="25" />
					<sval type="int" val="4" />
					<sval type="int" val="3" />
					<sval type="int" val="131074" />
					<sval type="int" val="20" />
					<sval type="int" val="131074" />
					<sval type="int" val="26" />
				</sval>
				<sval type="array" size="4">
					<sval type="int" val="128" />
					<sval type="int" val="21" />
					<sval type="int" val="4" />
					<sval type="int" val="2" />
				</sval>
				<sval type="array" size="7">
					<sval type="int" val="130" />
					<sval type="int" val="131074" />
					<sval type="int" val="21" />
					<sval type="int" val="4" />
					<sval type="int" val="0" />
					<sval type="int" val="4" />
					<sval type="int" val="1" />
				</sval>
				<sval type="array" size="7">
					<sval type="int" val="130" />
					<sval type="int" val="131074" />
					<sval type="int" val="21" />
					<sval type="int" val="4" />
					<sval type="int" val="1" />
					<sval type="int" val="131074" />
					<sval type="int" val="7" />
				</sval>
				<sval type="array" size="5">
					<sval type="int" val="1448" />
					<sval type="int" val="131074" />
					<sval type="int" val="20" />
					<sval type="int" val="131074" />
					<sval type="int" val="21" />
				</sval>
				<sval type="array" size="4">
					<sval type="int" val="128" />
					<sval type="int" val="21" />
					<sval type="int" val="4" />
					<sval type="int" val="2" />
				</sval>
				<sval type="array" size="7">
					<sval type="int" val="130" />
					<sval type="int" val="131074" />
					<sval type="int" val="21" />
					<sval type="int" val="4" />
					<sval type="int" val="0" />
					<sval type="int" val="4" />
					<sval type="int" val="1" />
				</sval>
				<sval type="array" size="7">
					<sval type="int" val="130" />
					<sval type="int" val="131074" />
					<sval type="int" val="21" />
					<sval type="int" val="4" />
					<sval type="int" val="1" />
					<sval type="int" val="131074" />
					<sval type="int" val="9" />
				</sval>
				<sval type="array" size="7">
					<sval type="int" val="1447" />
					<sval type="int" val="131074" />
					<sval type="int" val="20" />
					<sval type="int" val="131074" />
					<sval type="int" val="21" />
					<sval type="int" val="5" />
					<sval type="string" val="shop" />
				</sval>
				<sval type="array" size="4">
					<sval type="int" val="128" />
					<sval type="int" val="21" />
					<sval type="int" val="4" />
					<sval type="int" val="2" />
				</sval>
				<sval type="array" size="7">
					<sval type="int" val="130" />
					<sval type="int" val="131074" />
					<sval type="int" val="21" />
					<sval type="int" val="4" />
					<sval type="int" val="0" />
					<sval type="int" val="4" />
					<sval type="int" val="1" />
				</sval>
				<sval type="array" size="7">
					<sval type="int" val="130" />
					<sval type="int" val="131074" />
					<sval type="int" val="21" />
					<sval type="int" val="4" />
					<sval type="int" val="1" />
					<sval type="int" val="131074" />
					<sval type="int" val="17" />
				</sval>
				<sval type="array" size="7">
					<sval type="int" val="1447" />
					<sval type="int" val="131074" />
					<sval type="int" val="20" />
					<sval type="int" val="131074" />
					<sval type="int" val="21" />
					<sval type="int" val="5" />
					<sval type="string" val="clear" />
				</sval>
				<sval type="array" size="4">
					<sval type="int" val="131" />
					<sval type="int" val="-1610589181" />
					<sval type="int" val="131074" />
					<sval type="int" val="2" />
				</sval>
				<sval type="array" size="8">
					<sval type="int" val="132" />
					<sval type="int" val="27" />
					<sval type="int" val="131074" />
					<sval type="int" val="2" />
					<sval type="int" val="0" />
					<sval type="int" val="0" />
					<sval type="int" val="0" />
					<sval type="int" val="0" />
				</sval>
				<sval type="array" size="5">
					<sval type="int" val="137" />
					<sval type="int" val="131074" />
					<sval type="int" val="2" />
					<sval type="int" val="4" />
					<sval type="int" val="0" />
				</sval>
				<sval type="array" size="7">
					<sval type="int" val="104" />
					<sval type="int" val="28" />
					<sval type="int" val="1" />
					<sval type="int" val="4" />
					<sval type="int" val="0" />
					<sval type="int" val="1" />
					<sval type="int" val="-1" />
				</sval>
				<sval type="array" size="4">
					<sval type="int" val="131" />
					<sval type="int" val="29" />
					<sval type="int" val="131074" />
					<sval type="int" val="27" />
				</sval>
				<sval type="array" size="13">
					<sval type="int" val="104" />
					<sval type="int" val="-1610589431" />
					<sval type="int" val="3" />
					<sval type="int" val="131074" />
					<sval type="int" val="28" />
					<sval type="int" val="131074" />
					<sval type="int" val="29" />
					<sval type="int" val="15" />
					<sval type="int" val="3" />
					<sval type="int" val="3" />
					<sval type="int" val="-1" />
					<sval type="int" val="3" />
					<sval type="int" val="-2" />
				</sval>
				<sval type="array" size="6">
					<sval type="int" val="129" />
					<sval type="int" val="30" />
					<sval type="int" val="131074" />
					<sval type="int" val="27" />
					<sval type="int" val="131074" />
					<sval type="int" val="28" />
				</sval>
				<sval type="array" size="6">
					<sval type="int" val="129" />
					<sval type="int" val="31" />
					<sval type="int" val="131074" />
					<sval type="int" val="30" />
					<sval type="int" val="4" />
					<sval type="int" val="1" />
				</sval>
				<sval type="array" size="6">
					<sval type="int" val="129" />
					<sval type="int" val="32" />
					<sval type="int" val="131074" />
					<sval type="int" val="30" />
					<sval type="int" val="4" />
					<sval type="int" val="0" />
				</sval>
				<sval type="array" size="18">
					<sval type="int" val="102" />
					<sval type="string" val="plugin.zanzal.shoppingassistant.menu.addtoshoppinglist" />
					<sval type="int" val="-2147483647" />
					<sval type="int" val="131075" />
					<sval type="int" val="1" />
					<sval type="int" val="6" />
					<sval type="int" val="131074" />
					<sval type="int" val="20" />
					<sval type="int" val="131074" />
					<sval type="int" val="2" />
					<sval type="int" val="131074" />
					<sval type="int" val="22" />
					<sval type="int" val="131074" />
					<sval type="int" val="0" />
					<sval type="int" val="131074" />
					<sval type="int" val="31" />
					<sval type="int" val="131074" />
					<sval type="int" val="32" />
				</sval>
				<sval type="array" size="2">
					<sval type="int" val="142" />
					<sval type="int" val="28" />
				</sval>
				<sval type="array" size="2">
					<sval type="int" val="112" />
					<sval type="int" val="84" />
				</sval>
				<sval type="array" size="14">
					<sval type="int" val="102" />
					<sval type="string" val="plugin.zanzal.shoppingassistant.menu.updatemenumax" />
					<sval type="int" val="-2147483647" />
					<sval type="int" val="131075" />
					<sval type="int" val="1" />
					<sval type="int" val="4" />
					<sval type="int" val="131074" />
					<sval type="int" val="20" />
					<sval type="int" val="131074" />
					<sval type="int" val="2" />
					<sval type="int" val="131074" />
					<sval type="int" val="22" />
					<sval type="int" val="131074" />
					<sval type="int" val="0" />
				</sval>
				<sval type="array" size="2">
					<sval type="int" val="101" />
					<sval type="string" val="again" />
				</sval>
				<sval type="array" size="14">
					<sval type="int" val="102" />
					<sval type="string" val="lib.zanzal.createmenu" />
					<sval type="int" val="33" />
					<sval type="int" val="131075" />
					<sval type="int" val="1" />
					<sval type="int" val="4" />
					<sval type="int" val="131074" />
					<sval type="int" val="3" />
					<sval type="int" val="0" />
					<sval type="int" val="0" />
					<sval type="int" val="131074" />
					<sval type="int" val="20" />
					<sval type="int" val="131075" />
					<sval type="int" val="9" />
				</sval>
				<sval type="array" size="8">
					<sval type="int" val="102" />
					<sval type="string" val="lib.zanzal.ismenuopen" />
					<sval type="int" val="-1610588151" />
					<sval type="int" val="131075" />
					<sval type="int" val="1" />
					<sval type="int" val="1" />
					<sval type="int" val="131074" />
					<sval type="int" val="33" />
				</sval>
				<sval type="array" size="2">
					<sval type="int" val="112" />
					<sval type="int" val="94" />
				</sval>
				<sval type="array" size="6">
					<sval type="int" val="129" />
					<sval type="int" val="34" />
					<sval type="int" val="131074" />
					<sval type="int" val="33" />
					<sval type="int" val="4" />
					<sval type="int" val="0" />
				</sval>
				<sval type="array" size="13">
					<sval type="int" val="104" />
					<sval type="int" val="-1610586877" />
					<sval type="int" val="3" />
					<sval type="int" val="131074" />
					<sval type="int" val="34" />
					<sval type="int" val="5" />
					<sval type="string" val="shop" />
					<sval type="int" val="15" />
					<sval type="int" val="0" />
					<sval type="int" val="3" />
					<sval type="int" val="-1" />
					<sval type="int" val="0" />
					<sval type="int" val="-2" />
				</sval>
				<sval type="array" size="18">
					<sval type="int" val="1017" />
					<sval type="int" val="131074" />
					<sval type="int" val="0" />
					<sval type="string" val="plugin.zanzal.shoppingassistant.main" />
					<sval type="int" val="4" />
					<sval type="int" val="0" />
					<sval type="int" val="4" />
					<sval type="int" val="100" />
					<sval type="int" val="131074" />
					<sval type="int" val="2" />
					<sval type="int" val="0" />
					<sval type="int" val="0" />
					<sval type="int" val="0" />
					<sval type="int" val="0" />
					<sval type="int" val="0" />
					<sval type="int" val="0" />
					<sval type="int" val="0" />
					<sval type="int" val="0" />
				</sval>
				<sval type="array" size="8">
					<sval type="int" val="1042" />
					<sval type="int" val="-2147483646" />
					<sval type="int" val="4" />
					<sval type="int" val="13" />
					<sval type="int" val="4" />
					<sval type="int" val="131" />
					<sval type="int" val="4" />
					<sval type="int" val="100" />
				</sval>
				<sval type="array" size="2">
					<sval type="int" val="112" />
					<sval type="int" val="109" />
				</sval>
				<sval type="array" size="13">
					<sval type="int" val="104" />
					<sval type="int" val="-1610584827" />
					<sval type="int" val="3" />
					<sval type="int" val="131074" />
					<sval type="int" val="34" />
					<sval type="int" val="5" />
					<sval type="string" val="clear" />
					<sval type="int" val="15" />
					<sval type="int" val="0" />
					<sval type="int" val="3" />
					<sval type="int" val="-1" />
					<sval type="int" val="0" />
					<sval type="int" val="-2" />
				</sval>
				<sval type="array" size="4">
					<sval type="int" val="131" />
					<sval type="int" val="32" />
					<sval type="int" val="131074" />
					<sval type="int" val="2" />
				</sval>
				<sval type="array" size="13">
					<sval type="int" val="104" />
					<sval type="int" val="-1610585079" />
					<sval type="int" val="3" />
					<sval type="int" val="131074" />
					<sval type="int" val="32" />
					<sval type="int" val="4" />
					<sval type="int" val="0" />
					<sval type="int" val="15" />
					<sval type="int" val="2" />
					<sval type="int" val="3" />
					<sval type="int" val="-1" />
					<sval type="int" val="2" />
					<sval type="int" val="-2" />
				</sval>
				<sval type="array" size="5">
					<sval type="int" val="136" />
					<sval type="int" val="131074" />
					<sval type="int" val="20" />
					<sval type="int" val="131074" />
					<sval type="int" val="22" />
				</sval>
				<sval type="array" size="5">
					<sval type="int" val="136" />
					<sval type="int" val="131074" />
					<sval type="int" val="2" />
					<sval type="int" val="4" />
					<sval type="int" val="0" />
				</sval>
				<sval type="array" size="2">
					<sval type="int" val="143" />
					<sval type="int" val="32" />
				</sval>
				<sval type="array" size="2">
					<sval type="int" val="112" />
					<sval type="int" val="103" />
				</sval>
				<sval type="array" size="2">
					<sval type="int" val="100" />
					<sval type="int" val="92" />
				</sval>
				<sval type="array" size="3">
					<sval type="int" val="103" />
					<sval type="int" val="0" />
					<sval type="int" val="0" />
				</sval>
			</sval>
			<sval type="array" size="1">
				<sval type="array" size="2">
					<sval type="int" val="21" />
					<sval type="string" val="" />
				</sval>
			</sval>
			<sval type="array" size="51">
				<sval type="array" size="3">
					<sval type="int" val="0" />
					<sval type="int" val="1" />
					<sval type="string" val="************************************************" />
				</sval>
				<sval type="array" size="3">
					<sval type="int" val="0" />
					<sval type="int" val="1" />
					<sval type="string" val="SCRIPT NAME: plugin.zanzal.shoppingassistant.menu.xml" />
				</sval>
				<sval type="array" size="3">
					<sval type="int" val="0" />
					<sval type="int" val="1" />
					<sval type="string" val="DESCRIPTION: " />
				</sval>
				<sval type="array" size="3">
					<sval type="int" val="0" />
					<sval type="int" val="1" />
					<sval type="string" val="" />
				</sval>
				<sval type="array" size="3">
					<sval type="int" val="0" />
					<sval type="int" val="1" />
					<sval type="string" val="AUTHOR:  Zanzal         DATE: 14 January 2014" />
				</sval>
				<sval type="array" size="3">
					<sval type="int" val="0" />
					<sval type="int" val="1" />
					<sval type="string" val="************************************************" />
				</sval>
				<sval type="array" size="2">
					<sval type="int" val="1" />
					<sval type="int" val="2" />
				</sval>
				<sval type="array" size="2">
					<sval type="int" val="5" />
					<sval type="int" val="4" />
				</sval>
				<sval type="array" size="2">
					<sval type="int" val="5" />
					<sval type="int" val="2" />
				</sval>
				<sval type="array" size="2">
					<sval type="int" val="20" />
					<sval type="int" val="2" />
				</sval>
				<sval type="array" size="3">
					<sval type="int" val="20" />
					<sval type="int" val="1" />
					<sval type="string" val="Get shopping destination if one has been set" />
				</sval>
				<sval type="array" size="2">
					<sval type="int" val="24" />
					<sval type="int" val="5" />
				</sval>
				<sval type="array" size="2">
					<sval type="int" val="25" />
					<sval type="int" val="4" />
				</sval>
				<sval type="array" size="2">
					<sval type="int" val="25" />
					<sval type="int" val="2" />
				</sval>
				<sval type="array" size="2">
					<sval type="int" val="25" />
					<sval type="int" val="2" />
				</sval>
				<sval type="array" size="2">
					<sval type="int" val="28" />
					<sval type="int" val="4" />
				</sval>
				<sval type="array" size="2">
					<sval type="int" val="28" />
					<sval type="int" val="2" />
				</sval>
				<sval type="array" size="2">
					<sval type="int" val="29" />
					<sval type="int" val="2" />
				</sval>
				<sval type="array" size="2">
					<sval type="int" val="37" />
					<sval type="int" val="2" />
				</sval>
				<sval type="array" size="3">
					<sval type="int" val="37" />
					<sval type="int" val="1" />
					<sval type="string" val="** START OF SHOPPING LIST ITEMS ***" />
				</sval>
				<sval type="array" size="2">
					<sval type="int" val="38" />
					<sval type="int" val="2" />
				</sval>
				<sval type="array" size="2">
					<sval type="int" val="39" />
					<sval type="int" val="2" />
				</sval>
				<sval type="array" size="2">
					<sval type="int" val="42" />
					<sval type="int" val="2" />
				</sval>
				<sval type="array" size="2">
					<sval type="int" val="49" />
					<sval type="int" val="2" />
				</sval>
				<sval type="array" size="2">
					<sval type="int" val="53" />
					<sval type="int" val="2" />
				</sval>
				<sval type="array" size="3">
					<sval type="int" val="53" />
					<sval type="int" val="1" />
					<sval type="string" val="Option: Dock At Station" />
				</sval>
				<sval type="array" size="3">
					<sval type="int" val="53" />
					<sval type="int" val="1" />
					<sval type="string" val="Create special open menu return value leaving a space for a parameter which we won't have until later." />
				</sval>
				<sval type="array" size="2">
					<sval type="int" val="60" />
					<sval type="int" val="2" />
				</sval>
				<sval type="array" size="2">
					<sval type="int" val="67" />
					<sval type="int" val="2" />
				</sval>
				<sval type="array" size="3">
					<sval type="int" val="67" />
					<sval type="int" val="1" />
					<sval type="string" val="Commands menu" />
				</sval>
				<sval type="array" size="2">
					<sval type="int" val="67" />
					<sval type="int" val="2" />
				</sval>
				<sval type="array" size="2">
					<sval type="int" val="71" />
					<sval type="int" val="2" />
				</sval>
				<sval type="array" size="2">
					<sval type="int" val="75" />
					<sval type="int" val="2" />
				</sval>
				<sval type="array" size="3">
					<sval type="int" val="75" />
					<sval type="int" val="1" />
					<sval type="string" val="Clear command" />
				</sval>
				<sval type="array" size="2">
					<sval type="int" val="79" />
					<sval type="int" val="2" />
				</sval>
				<sval type="array" size="2">
					<sval type="int" val="79" />
					<sval type="int" val="2" />
				</sval>
				<sval type="array" size="3">
					<sval type="int" val="79" />
					<sval type="int" val="1" />
					<sval type="string" val="Recreate shopping list menu items" />
				</sval>
				<sval type="array" size="2">
					<sval type="int" val="91" />
					<sval type="int" val="4" />
				</sval>
				<sval type="array" size="2">
					<sval type="int" val="92" />
					<sval type="int" val="4" />
				</sval>
				<sval type="array" size="2">
					<sval type="int" val="92" />
					<sval type="int" val="2" />
				</sval>
				<sval type="array" size="2">
					<sval type="int" val="93" />
					<sval type="int" val="2" />
				</sval>
				<sval type="array" size="2">
					<sval type="int" val="96" />
					<sval type="int" val="4" />
				</sval>
				<sval type="array" size="2">
					<sval type="int" val="97" />
					<sval type="int" val="2" />
				</sval>
				<sval type="array" size="2">
					<sval type="int" val="108" />
					<sval type="int" val="4" />
				</sval>
				<sval type="array" size="2">
					<sval type="int" val="109" />
					<sval type="int" val="4" />
				</sval>
				<sval type="array" size="2">
					<sval type="int" val="109" />
					<sval type="int" val="2" />
				</sval>
				<sval type="array" size="2">
					<sval type="int" val="109" />
					<sval type="int" val="2" />
				</sval>
				<sval type="array" size="2">
					<sval type="int" val="110" />
					<sval type="int" val="2" />
				</sval>
				<sval type="array" size="2">
					<sval type="int" val="110" />
					<sval type="int" val="2" />
				</sval>
				<sval type="array" size="2">
					<sval type="int" val="110" />
					<sval type="int" val="2" />
				</sval>
				<sval type="array" size="2">
					<sval type="int" val="110" />
					<sval type="int" val="2" />
				</sval>
			</sval>
			<sval type="int" val="0" />
		</sval>
	</codearray>
</script>
