<?xml version="1.0" standalone="yes"?>
<?xml-stylesheet href="x2script.xsl" type="text/xsl"?>
<!-- Generated using X-Studio -->
<script>
	<name>plugin.zanzal.shoppingassistant.menu.add</name>
	<version>3</version>
	<engineversion>50</engineversion>
	<description></description>
	<arguments>
		<argument index="1" name="menu" type="Var/Array" desc="" />
		<argument index="2" name="shopping.list" type="Var/Array" desc="" />
		<argument index="3" name="shopping.menu.base" type="Var/Number" desc="" />
		<argument index="4" name="refobj" type="Value" desc="" />
	</arguments>
	<sourcetext>
		<line linenr="001" indent="">
			<comment>* ************************************************</comment>
		</line>
		<line linenr="002" indent="">
			<comment>* SCRIPT NAME: plugin.zanzal.shoppingassistant.menu.add.xml</comment>
		</line>
		<line linenr="003" indent="">
			<comment>* DESCRIPTION: </comment>
		</line>
		<line linenr="004" indent="">
			<comment>* </comment>
		</line>
		<line linenr="005" indent="">
			<comment>* AUTHOR: Zanzal          DATE: 26 January 2014</comment>
		</line>
		<line linenr="006" indent="">
			<comment>* ************************************************</comment>
		</line>
		<line linenr="007" indent="">
			<var>$current.ware.list</var>
			<text> </text>
			<text>=</text>
			<text> </text>
			<text>array</text>
			<text> </text>
			<text>alloc</text>
			<text>:</text>
			<text> </text>
			<text>size</text>
			<text>=</text>
			<var>0</var>
		</line>
		<line linenr="008" indent="">
			<var>$XS.Iterator1</var>
			<text> </text>
			<text>=</text>
			<text> </text>
			<text>size</text>
			<text> </text>
			<text>of</text>
			<text> </text>
			<text>array</text>
			<text> </text>
			<var>$shopping.list</var>
		</line>
		<line linenr="009" indent="&#160;">
			<text>while</text>
			<text> </text>
			<var>$XS.Iterator1</var>
		</line>
		<line linenr="010" indent="&#160;">
			<text>dec</text>
			<text> </text>
			<var>$XS.Iterator1</var>
		</line>
		<line linenr="011" indent="">
			<var>$shopping.item</var>
			<text> </text>
			<text>=</text>
			<text> </text>
			<var>$shopping.list</var>
			<text>[</text>
			<var>$XS.Iterator1</var>
			<text>]</text>
		</line>
		<line linenr="012" indent="">
			<var>$current.ware.item</var>
			<text> </text>
			<text>=</text>
			<text> </text>
			<var>$shopping.item</var>
			<text>[</text>
			<var>1</var>
			<text>]</text>
		</line>
		<line linenr="013" indent="">
			<text>append</text>
			<text> </text>
			<var>$current.ware.item</var>
			<text> </text>
			<text>to</text>
			<text> </text>
			<text>array</text>
			<text> </text>
			<var>$current.ware.list</var>
		</line>
		<line linenr="014" indent="&#160;">
			<text>end</text>
		</line>
		<line linenr="015" indent="" />
		<line linenr="016" indent="">
			<text>skip</text>
			<text> </text>
			<text>if</text>
			<text> </text>
			<text>size</text>
			<text> </text>
			<text>of</text>
			<text> </text>
			<text>array</text>
			<text> </text>
			<var>$current.ware.list</var>
		</line>
		<line linenr="017" indent="">
			<var>$current.ware.list</var>
			<text> </text>
			<text>=</text>
			<text> </text>
			<var>null</var>
		</line>
		<line linenr="018" indent="" />
		<line linenr="019" indent="&#160;" interruptable="@">
			<var>$ware.result</var>
			<text> </text>
			<text>=</text>
			<text> </text>
			<var>[THIS]</var>
			<text> </text>
			<text>-&gt;</text>
			<text> </text>
			<text>call</text>
			<text> </text>
			<text>script</text>
			<text> </text>
			<call>plugin.zanzal.selectwaretobuy</call>
			<text> </text>
			<text>:</text>
			<text> </text>
			<text>refobj</text>
			<text>=</text>
			<var>$refobj</var>
			<text> </text>
			<text>maintypes</text>
			<text>=</text>
			<var>null</var>
			<text> </text>
			<text>exclude.wares</text>
			<text>=</text>
			<var>$current.ware.list</var>
			<text> </text>
			<text>use.trade.bar</text>
			<text>=</text>
			<var>[FALSE]</var>
			<text> </text>
			<text>tb.from.name</text>
			<text>=</text>
			<var>null</var>
			<text> </text>
			<text>tb.to.name</text>
			<text>=</text>
			<var>null</var>
		</line>
		<line linenr="020" indent="&#160;" />
		<line linenr="021" indent="&#160;">
			<text>if</text>
			<text> </text>
			<text>is</text>
			<text> </text>
			<text>datatype</text>
			<text>[</text>
			<var>$ware.result</var>
			<text>]</text>
			<text> </text>
			<text>==</text>
			<text> </text>
			<var>[DATATYPE_WARE]</var>
		</line>
		<line linenr="022" indent="&#160;">
			<var>$ware</var>
			<text> </text>
			<text>=</text>
			<text> </text>
			<var>$ware.result</var>
		</line>
		<line linenr="023" indent="">
			<var>$ware.count</var>
			<text> </text>
			<text>=</text>
			<text> </text>
			<var>1</var>
		</line>
		<line linenr="024" indent="" interruptable="@">
			<text>=</text>
			<text> </text>
			<var>[THIS]</var>
			<text>-&gt;</text>
			<text> </text>
			<text>call</text>
			<text> </text>
			<text>script</text>
			<text> </text>
			<call>plugin.zanzal.shoppingassistant.menu.addtoshoppinglist</call>
			<text> </text>
			<text>:</text>
			<text> </text>
			<text>menu</text>
			<text>=</text>
			<var>$menu</var>
			<text> </text>
			<text>shopping.list</text>
			<text>=</text>
			<var>$shopping.list</var>
			<text> </text>
			<text>shopping.menu.base</text>
			<text>=</text>
			<var>$shopping.menu.base</var>
			<text> </text>
			<text>refobj</text>
			<text>=</text>
			<var>$refobj</var>
			<text> </text>
			<text>ware</text>
			<text>=</text>
			<var>$ware</var>
			<text> </text>
			<text>ware.count</text>
			<text>=</text>
			<var>$ware.count</var>
		</line>
		<line linenr="025" indent="" interruptable="@">
			<text>=</text>
			<text> </text>
			<var>[THIS]</var>
			<text>-&gt;</text>
			<text> </text>
			<text>call</text>
			<text> </text>
			<text>script</text>
			<text> </text>
			<call>plugin.zanzal.shoppingassistant.menu.updatemenumax</call>
			<text> </text>
			<text>:</text>
			<text> </text>
			<text>menu</text>
			<text>=</text>
			<var>$menu</var>
			<text> </text>
			<text>shopping.list</text>
			<text>=</text>
			<var>$shopping.list</var>
			<text> </text>
			<text>shopping.menu.base</text>
			<text>=</text>
			<var>$shopping.menu.base</var>
			<text> </text>
			<text>refobj</text>
			<text>=</text>
			<var>$refobj</var>
		</line>
		<line linenr="026" indent="">
			<text>end</text>
		</line>
		<line linenr="027" indent="" />
		<line linenr="028" indent="" interruptable="@">
			<text>=</text>
			<text> </text>
			<text>wait</text>
			<text> </text>
			<var>-1</var>
			<text> </text>
			<text>ms</text>
		</line>
		<line linenr="029" indent="" />
		<line linenr="030" indent="">
			<text>return</text>
			<text> </text>
			<var>null</var>
		</line>
		<line linenr="031" indent="" />
		<line linenr="032" indent="" />
	</sourcetext>
	<codearray>
		<sval type="array" size="10">
			<sval type="string" val="plugin.zanzal.shoppingassistant.menu.add" />
			<sval type="int" val="50" />
			<sval type="string" val="" />
			<sval type="int" val="3" />
			<sval type="int" val="0" />
			<sval type="array" size="11">
				<sval type="string" val="menu" />
				<sval type="string" val="shopping.list" />
				<sval type="string" val="shopping.menu.base" />
				<sval type="string" val="refobj" />
				<sval type="string" val="current.ware.list" />
				<sval type="string" val="shopping.item" />
				<sval type="string" val="XS.Iterator1" />
				<sval type="string" val="current.ware.item" />
				<sval type="string" val="ware.result" />
				<sval type="string" val="ware" />
				<sval type="string" val="ware.count" />
			</sval>
			<sval type="array" size="18">
				<sval type="array" size="4">
					<sval type="int" val="128" />
					<sval type="int" val="4" />
					<sval type="int" val="4" />
					<sval type="int" val="0" />
				</sval>
				<sval type="array" size="4">
					<sval type="int" val="131" />
					<sval type="int" val="6" />
					<sval type="int" val="131074" />
					<sval type="int" val="1" />
				</sval>
				<sval type="array" size="7">
					<sval type="int" val="104" />
					<sval type="int" val="-1610610679" />
					<sval type="int" val="1" />
					<sval type="int" val="131074" />
					<sval type="int" val="6" />
					<sval type="int" val="1" />
					<sval type="int" val="-1" />
				</sval>
				<sval type="array" size="2">
					<sval type="int" val="143" />
					<sval type="int" val="6" />
				</sval>
				<sval type="array" size="6">
					<sval type="int" val="129" />
					<sval type="int" val="5" />
					<sval type="int" val="131074" />
					<sval type="int" val="1" />
					<sval type="int" val="131074" />
					<sval type="int" val="6" />
				</sval>
				<sval type="array" size="6">
					<sval type="int" val="129" />
					<sval type="int" val="7" />
					<sval type="int" val="131074" />
					<sval type="int" val="5" />
					<sval type="int" val="4" />
					<sval type="int" val="1" />
				</sval>
				<sval type="array" size="5">
					<sval type="int" val="135" />
					<sval type="int" val="131074" />
					<sval type="int" val="4" />
					<sval type="int" val="131074" />
					<sval type="int" val="7" />
				</sval>
				<sval type="array" size="2">
					<sval type="int" val="112" />
					<sval type="int" val="2" />
				</sval>
				<sval type="array" size="4">
					<sval type="int" val="131" />
					<sval type="int" val="-536868345" />
					<sval type="int" val="131074" />
					<sval type="int" val="4" />
				</sval>
				<sval type="array" size="7">
					<sval type="int" val="104" />
					<sval type="int" val="4" />
					<sval type="int" val="1" />
					<sval type="int" val="0" />
					<sval type="int" val="0" />
					<sval type="int" val="1" />
					<sval type="int" val="-1" />
				</sval>
				<sval type="array" size="18">
					<sval type="int" val="102" />
					<sval type="string" val="plugin.zanzal.selectwaretobuy" />
					<sval type="int" val="8" />
					<sval type="int" val="131075" />
					<sval type="int" val="1" />
					<sval type="int" val="6" />
					<sval type="int" val="131074" />
					<sval type="int" val="3" />
					<sval type="int" val="0" />
					<sval type="int" val="0" />
					<sval type="int" val="131074" />
					<sval type="int" val="4" />
					<sval type="int" val="131075" />
					<sval type="int" val="9" />
					<sval type="int" val="0" />
					<sval type="int" val="0" />
					<sval type="int" val="0" />
					<sval type="int" val="0" />
				</sval>
				<sval type="array" size="6">
					<sval type="int" val="125" />
					<sval type="int" val="-1610608637" />
					<sval type="int" val="131074" />
					<sval type="int" val="8" />
					<sval type="int" val="20" />
					<sval type="int" val="9" />
				</sval>
				<sval type="array" size="7">
					<sval type="int" val="104" />
					<sval type="int" val="9" />
					<sval type="int" val="1" />
					<sval type="int" val="131074" />
					<sval type="int" val="8" />
					<sval type="int" val="1" />
					<sval type="int" val="-1" />
				</sval>
				<sval type="array" size="7">
					<sval type="int" val="104" />
					<sval type="int" val="10" />
					<sval type="int" val="1" />
					<sval type="int" val="4" />
					<sval type="int" val="1" />
					<sval type="int" val="1" />
					<sval type="int" val="-1" />
				</sval>
				<sval type="array" size="18">
					<sval type="int" val="102" />
					<sval type="string" val="plugin.zanzal.shoppingassistant.menu.addtoshoppinglist" />
					<sval type="int" val="-2147483647" />
					<sval type="int" val="131075" />
					<sval type="int" val="1" />
					<sval type="int" val="6" />
					<sval type="int" val="131074" />
					<sval type="int" val="0" />
					<sval type="int" val="131074" />
					<sval type="int" val="1" />
					<sval type="int" val="131074" />
					<sval type="int" val="2" />
					<sval type="int" val="131074" />
					<sval type="int" val="3" />
					<sval type="int" val="131074" />
					<sval type="int" val="9" />
					<sval type="int" val="131074" />
					<sval type="int" val="10" />
				</sval>
				<sval type="array" size="14">
					<sval type="int" val="102" />
					<sval type="string" val="plugin.zanzal.shoppingassistant.menu.updatemenumax" />
					<sval type="int" val="-2147483647" />
					<sval type="int" val="131075" />
					<sval type="int" val="1" />
					<sval type="int" val="4" />
					<sval type="int" val="131074" />
					<sval type="int" val="0" />
					<sval type="int" val="131074" />
					<sval type="int" val="1" />
					<sval type="int" val="131074" />
					<sval type="int" val="2" />
					<sval type="int" val="131074" />
					<sval type="int" val="3" />
				</sval>
				<sval type="array" size="4">
					<sval type="int" val="105" />
					<sval type="int" val="-2147483647" />
					<sval type="int" val="4" />
					<sval type="int" val="-1" />
				</sval>
				<sval type="array" size="3">
					<sval type="int" val="103" />
					<sval type="int" val="0" />
					<sval type="int" val="0" />
				</sval>
			</sval>
			<sval type="array" size="4">
				<sval type="array" size="2">
					<sval type="int" val="45" />
					<sval type="string" val="" />
				</sval>
				<sval type="array" size="2">
					<sval type="int" val="45" />
					<sval type="string" val="" />
				</sval>
				<sval type="array" size="2">
					<sval type="int" val="10" />
					<sval type="string" val="" />
				</sval>
				<sval type="array" size="2">
					<sval type="int" val="9" />
					<sval type="string" val="" />
				</sval>
			</sval>
			<sval type="array" size="15">
				<sval type="array" size="3">
					<sval type="int" val="0" />
					<sval type="int" val="1" />
					<sval type="string" val="************************************************" />
				</sval>
				<sval type="array" size="3">
					<sval type="int" val="0" />
					<sval type="int" val="1" />
					<sval type="string" val="SCRIPT NAME: plugin.zanzal.shoppingassistant.menu.add.xml" />
				</sval>
				<sval type="array" size="3">
					<sval type="int" val="0" />
					<sval type="int" val="1" />
					<sval type="string" val="DESCRIPTION: " />
				</sval>
				<sval type="array" size="3">
					<sval type="int" val="0" />
					<sval type="int" val="1" />
					<sval type="string" val="" />
				</sval>
				<sval type="array" size="3">
					<sval type="int" val="0" />
					<sval type="int" val="1" />
					<sval type="string" val="AUTHOR: Zanzal          DATE: 26 January 2014" />
				</sval>
				<sval type="array" size="3">
					<sval type="int" val="0" />
					<sval type="int" val="1" />
					<sval type="string" val="************************************************" />
				</sval>
				<sval type="array" size="2">
					<sval type="int" val="8" />
					<sval type="int" val="4" />
				</sval>
				<sval type="array" size="2">
					<sval type="int" val="8" />
					<sval type="int" val="2" />
				</sval>
				<sval type="array" size="2">
					<sval type="int" val="10" />
					<sval type="int" val="2" />
				</sval>
				<sval type="array" size="2">
					<sval type="int" val="11" />
					<sval type="int" val="2" />
				</sval>
				<sval type="array" size="2">
					<sval type="int" val="16" />
					<sval type="int" val="4" />
				</sval>
				<sval type="array" size="2">
					<sval type="int" val="16" />
					<sval type="int" val="2" />
				</sval>
				<sval type="array" size="2">
					<sval type="int" val="17" />
					<sval type="int" val="2" />
				</sval>
				<sval type="array" size="2">
					<sval type="int" val="18" />
					<sval type="int" val="2" />
				</sval>
				<sval type="array" size="2">
					<sval type="int" val="18" />
					<sval type="int" val="2" />
				</sval>
			</sval>
			<sval type="int" val="0" />
		</sval>
	</codearray>
</script>
