<?xml version="1.0" standalone="yes"?>
<?xml-stylesheet href="x2script.xsl" type="text/xsl"?>
<!-- Generated using X-Studio -->
<script>
	<name>plugin.zanzal.shoppingassistant.menu.update</name>
	<version>1</version>
	<engineversion>50</engineversion>
	<description></description>
	<arguments>
		<argument index="1" name="menu" type="Var/Array" desc="" />
		<argument index="2" name="shopping.list" type="Var/Array" desc="" />
		<argument index="3" name="shopping.menu.base" type="Var/Number" desc="" />
		<argument index="4" name="refobj" type="Value" desc="" />
		<argument index="5" name="menu.ref" type="Var/Array" desc="" />
		<argument index="6" name="ware" type="Var/Ware" desc="" />
		<argument index="7" name="ware.count" type="Var/Number" desc="" />
	</arguments>
	<sourcetext>
		<line linenr="001" indent="">
			<comment>* ************************************************</comment>
		</line>
		<line linenr="002" indent="">
			<comment>* SCRIPT NAME: plugin.zanzal.shoppingassistant.updateware.xml</comment>
		</line>
		<line linenr="003" indent="">
			<comment>* DESCRIPTION: </comment>
		</line>
		<line linenr="004" indent="">
			<comment>* </comment>
		</line>
		<line linenr="005" indent="">
			<comment>* AUTHOR: Zanzal          DATE: 26 January 2014</comment>
		</line>
		<line linenr="006" indent="">
			<comment>* ************************************************</comment>
		</line>
		<line linenr="007" indent="">
			<var>$menu.item</var>
			<text> </text>
			<text>=</text>
			<text> </text>
			<var>$menu.ref</var>
			<text>[</text>
			<var>0</var>
			<text>]</text>
		</line>
		<line linenr="008" indent="" />
		<line linenr="009" indent="">
			<var>$shopping.list.idx</var>
			<text> </text>
			<text>=</text>
			<text> </text>
			<text>size</text>
			<text> </text>
			<text>of</text>
			<text> </text>
			<text>array</text>
			<text> </text>
			<var>$shopping.list</var>
		</line>
		<line linenr="010" indent="&#160;">
			<text>while</text>
			<text> </text>
			<var>$shopping.list.idx</var>
		</line>
		<line linenr="011" indent="&#160;">
			<text>dec</text>
			<text> </text>
			<var>$shopping.list.idx</var>
		</line>
		<line linenr="012" indent="&#160;&#160;">
			<var>$shopping.item</var>
			<text> </text>
			<text>=</text>
			<text> </text>
			<var>$shopping.list</var>
			<text>[</text>
			<var>$shopping.list.idx</var>
			<text>]</text>
		</line>
		<line linenr="013" indent="&#160;&#160;">
			<var>$shopping.item.ware</var>
			<text> </text>
			<text>=</text>
			<text> </text>
			<var>$shopping.item</var>
			<text>[</text>
			<var>1</var>
			<text>]</text>
		</line>
		<line linenr="014" indent="&#160;">
			<text>if</text>
			<text> </text>
			<var>$ware</var>
			<text> </text>
			<text>==</text>
			<text> </text>
			<var>$shopping.item.ware</var>
		</line>
		<line linenr="015" indent="">
			<text>gosub</text>
			<text> </text>
			<var>update_ware_count</var>
			<text>:</text>
		</line>
		<line linenr="016" indent="">
			<text>break</text>
		</line>
		<line linenr="017" indent="">
			<text>end</text>
		</line>
		<line linenr="018" indent="">
			<text>end</text>
		</line>
		<line linenr="019" indent="" />
		<line linenr="020" indent="" interruptable="@">
			<text>=</text>
			<text> </text>
			<var>[THIS]</var>
			<text>-&gt;</text>
			<text> </text>
			<text>call</text>
			<text> </text>
			<text>script</text>
			<text> </text>
			<call>plugin.zanzal.shoppingassistant.menu.updatemenumax</call>
			<text> </text>
			<text>:</text>
			<text> </text>
			<text>menu</text>
			<text>=</text>
			<var>$menu</var>
			<text> </text>
			<text>shopping.list</text>
			<text>=</text>
			<var>$shopping.list</var>
			<text> </text>
			<text>shopping.menu.base</text>
			<text>=</text>
			<var>$shopping.menu.base</var>
			<text> </text>
			<text>refobj</text>
			<text>=</text>
			<var>$refobj</var>
		</line>
		<line linenr="021" indent="" />
		<line linenr="022" indent="" interruptable="@">
			<text>=</text>
			<text> </text>
			<text>wait</text>
			<text> </text>
			<var>-1</var>
			<text> </text>
			<text>ms</text>
		</line>
		<line linenr="023" indent="&#160;">
			<text>return</text>
			<text> </text>
			<var>null</var>
		</line>
		<line linenr="024" indent="&#160;" />
		<line linenr="025" indent="&#160;&#160;">
			<var>update_ware_count</var>
			<text>:</text>
		</line>
		<line linenr="026" indent="&#160;&#160;">
			<var>$menu.idx</var>
			<text> </text>
			<text>=</text>
			<text> </text>
			<var>$shopping.list.idx</var>
			<text> </text>
			<text>+</text>
			<text> </text>
			<var>$shopping.menu.base</var>
		</line>
		<line linenr="027" indent="&#160;">
			<text>if</text>
			<text> </text>
			<var>$ware.count</var>
			<text> </text>
			<text>==</text>
			<text> </text>
			<var>0</var>
		</line>
		<line linenr="028" indent="&#160;&#160;">
			<text>remove</text>
			<text> </text>
			<text>element</text>
			<text> </text>
			<text>from</text>
			<text> </text>
			<text>array</text>
			<text> </text>
			<var>$menu</var>
			<text> </text>
			<text>at</text>
			<text> </text>
			<text>index</text>
			<text> </text>
			<var>$menu.idx</var>
		</line>
		<line linenr="029" indent="&#160;&#160;">
			<text>remove</text>
			<text> </text>
			<text>element</text>
			<text> </text>
			<text>from</text>
			<text> </text>
			<text>array</text>
			<text> </text>
			<var>$shopping.list</var>
			<text> </text>
			<text>at</text>
			<text> </text>
			<text>index</text>
			<text> </text>
			<var>$shopping.list.idx</var>
		</line>
		<line linenr="030" indent="&#160;&#160;">
			<text>else</text>
		</line>
		<line linenr="031" indent="&#160;&#160;">
			<var>$ware.count.text</var>
			<text> </text>
			<text>=</text>
			<text> </text>
			<text>convert</text>
			<text> </text>
			<text>number</text>
			<text> </text>
			<var>$ware.count</var>
			<text> </text>
			<text>to</text>
			<text> </text>
			<text>string</text>
		</line>
		<line linenr="032" indent="&#160;&#160;">
			<var>$shopping.item</var>
			<text> </text>
			<text>=</text>
			<text> </text>
			<var>$shopping.list</var>
			<text>[</text>
			<var>$shopping.list.idx</var>
			<text>]</text>
		</line>
		<line linenr="033" indent="&#160;&#160;">
			<var>$shopping.item</var>
			<text>[</text>
			<var>0</var>
			<text>]</text>
			<text> </text>
			<text>=</text>
			<text> </text>
			<var>$ware.count</var>
		</line>
		<line linenr="034" indent="&#160;">
			<var>$menu.item</var>
			<text> </text>
			<text>=</text>
			<text> </text>
			<var>$menu</var>
			<text>[</text>
			<var>$menu.idx</var>
			<text>]</text>
		</line>
		<line linenr="035" indent="&#160;">
			<var>$menu.text</var>
			<text> </text>
			<text>=</text>
			<text> </text>
			<var>$menu.item</var>
			<text>[</text>
			<var>1</var>
			<text>]</text>
		</line>
		<line linenr="036" indent="">
			<var>$menu.text</var>
			<text>[</text>
			<var>3</var>
			<text>]</text>
			<text> </text>
			<text>=</text>
			<text> </text>
			<var>$ware.count.text</var>
		</line>
		<line linenr="037" indent="">
			<text>end</text>
		</line>
		<line linenr="038" indent="">
			<text>play</text>
			<text> </text>
			<text>sample</text>
			<text> </text>
			<var>955</var>
		</line>
		<line linenr="039" indent="">
			<text>endsub</text>
		</line>
	</sourcetext>
	<codearray>
		<sval type="array" size="10">
			<sval type="string" val="plugin.zanzal.shoppingassistant.menu.update" />
			<sval type="int" val="50" />
			<sval type="string" val="" />
			<sval type="int" val="1" />
			<sval type="int" val="0" />
			<sval type="array" size="14">
				<sval type="string" val="menu" />
				<sval type="string" val="shopping.list" />
				<sval type="string" val="shopping.menu.base" />
				<sval type="string" val="refobj" />
				<sval type="string" val="menu.ref" />
				<sval type="string" val="ware" />
				<sval type="string" val="ware.count" />
				<sval type="string" val="menu.item" />
				<sval type="string" val="shopping.item" />
				<sval type="string" val="shopping.list.idx" />
				<sval type="string" val="shopping.item.ware" />
				<sval type="string" val="menu.idx" />
				<sval type="string" val="ware.count.text" />
				<sval type="string" val="menu.text" />
			</sval>
			<sval type="array" size="27">
				<sval type="array" size="6">
					<sval type="int" val="129" />
					<sval type="int" val="7" />
					<sval type="int" val="131074" />
					<sval type="int" val="4" />
					<sval type="int" val="4" />
					<sval type="int" val="0" />
				</sval>
				<sval type="array" size="4">
					<sval type="int" val="131" />
					<sval type="int" val="9" />
					<sval type="int" val="131074" />
					<sval type="int" val="1" />
				</sval>
				<sval type="array" size="7">
					<sval type="int" val="104" />
					<sval type="int" val="-1610610167" />
					<sval type="int" val="1" />
					<sval type="int" val="131074" />
					<sval type="int" val="9" />
					<sval type="int" val="1" />
					<sval type="int" val="-1" />
				</sval>
				<sval type="array" size="2">
					<sval type="int" val="143" />
					<sval type="int" val="9" />
				</sval>
				<sval type="array" size="6">
					<sval type="int" val="129" />
					<sval type="int" val="8" />
					<sval type="int" val="131074" />
					<sval type="int" val="1" />
					<sval type="int" val="131074" />
					<sval type="int" val="9" />
				</sval>
				<sval type="array" size="6">
					<sval type="int" val="129" />
					<sval type="int" val="10" />
					<sval type="int" val="131074" />
					<sval type="int" val="8" />
					<sval type="int" val="4" />
					<sval type="int" val="1" />
				</sval>
				<sval type="array" size="13">
					<sval type="int" val="104" />
					<sval type="int" val="-1610610429" />
					<sval type="int" val="3" />
					<sval type="int" val="131074" />
					<sval type="int" val="5" />
					<sval type="int" val="131074" />
					<sval type="int" val="10" />
					<sval type="int" val="15" />
					<sval type="int" val="0" />
					<sval type="int" val="3" />
					<sval type="int" val="-1" />
					<sval type="int" val="0" />
					<sval type="int" val="-2" />
				</sval>
				<sval type="array" size="2">
					<sval type="int" val="1167" />
					<sval type="int" val="13" />
				</sval>
				<sval type="array" size="2">
					<sval type="int" val="112" />
					<sval type="int" val="10" />
				</sval>
				<sval type="array" size="2">
					<sval type="int" val="112" />
					<sval type="int" val="2" />
				</sval>
				<sval type="array" size="14">
					<sval type="int" val="102" />
					<sval type="string" val="plugin.zanzal.shoppingassistant.menu.updatemenumax" />
					<sval type="int" val="-2147483647" />
					<sval type="int" val="131075" />
					<sval type="int" val="1" />
					<sval type="int" val="4" />
					<sval type="int" val="131074" />
					<sval type="int" val="0" />
					<sval type="int" val="131074" />
					<sval type="int" val="1" />
					<sval type="int" val="131074" />
					<sval type="int" val="2" />
					<sval type="int" val="131074" />
					<sval type="int" val="3" />
				</sval>
				<sval type="array" size="4">
					<sval type="int" val="105" />
					<sval type="int" val="-2147483647" />
					<sval type="int" val="4" />
					<sval type="int" val="-1" />
				</sval>
				<sval type="array" size="3">
					<sval type="int" val="103" />
					<sval type="int" val="0" />
					<sval type="int" val="0" />
				</sval>
				<sval type="array" size="2">
					<sval type="int" val="101" />
					<sval type="string" val="update_ware_count" />
				</sval>
				<sval type="array" size="13">
					<sval type="int" val="104" />
					<sval type="int" val="11" />
					<sval type="int" val="3" />
					<sval type="int" val="131074" />
					<sval type="int" val="9" />
					<sval type="int" val="131074" />
					<sval type="int" val="2" />
					<sval type="int" val="15" />
					<sval type="int" val="11" />
					<sval type="int" val="3" />
					<sval type="int" val="-1" />
					<sval type="int" val="11" />
					<sval type="int" val="-2" />
				</sval>
				<sval type="array" size="13">
					<sval type="int" val="104" />
					<sval type="int" val="-1610607869" />
					<sval type="int" val="3" />
					<sval type="int" val="131074" />
					<sval type="int" val="6" />
					<sval type="int" val="4" />
					<sval type="int" val="0" />
					<sval type="int" val="15" />
					<sval type="int" val="0" />
					<sval type="int" val="3" />
					<sval type="int" val="-1" />
					<sval type="int" val="0" />
					<sval type="int" val="-2" />
				</sval>
				<sval type="array" size="5">
					<sval type="int" val="136" />
					<sval type="int" val="131074" />
					<sval type="int" val="0" />
					<sval type="int" val="131074" />
					<sval type="int" val="11" />
				</sval>
				<sval type="array" size="5">
					<sval type="int" val="136" />
					<sval type="int" val="131074" />
					<sval type="int" val="1" />
					<sval type="int" val="131074" />
					<sval type="int" val="9" />
				</sval>
				<sval type="array" size="2">
					<sval type="int" val="112" />
					<sval type="int" val="25" />
				</sval>
				<sval type="array" size="4">
					<sval type="int" val="1474" />
					<sval type="int" val="12" />
					<sval type="int" val="131074" />
					<sval type="int" val="6" />
				</sval>
				<sval type="array" size="6">
					<sval type="int" val="129" />
					<sval type="int" val="8" />
					<sval type="int" val="131074" />
					<sval type="int" val="1" />
					<sval type="int" val="131074" />
					<sval type="int" val="9" />
				</sval>
				<sval type="array" size="7">
					<sval type="int" val="130" />
					<sval type="int" val="131074" />
					<sval type="int" val="8" />
					<sval type="int" val="4" />
					<sval type="int" val="0" />
					<sval type="int" val="131074" />
					<sval type="int" val="6" />
				</sval>
				<sval type="array" size="6">
					<sval type="int" val="129" />
					<sval type="int" val="7" />
					<sval type="int" val="131074" />
					<sval type="int" val="0" />
					<sval type="int" val="131074" />
					<sval type="int" val="11" />
				</sval>
				<sval type="array" size="6">
					<sval type="int" val="129" />
					<sval type="int" val="13" />
					<sval type="int" val="131074" />
					<sval type="int" val="7" />
					<sval type="int" val="4" />
					<sval type="int" val="1" />
				</sval>
				<sval type="array" size="7">
					<sval type="int" val="130" />
					<sval type="int" val="131074" />
					<sval type="int" val="13" />
					<sval type="int" val="4" />
					<sval type="int" val="3" />
					<sval type="int" val="131074" />
					<sval type="int" val="12" />
				</sval>
				<sval type="array" size="3">
					<sval type="int" val="200" />
					<sval type="int" val="4" />
					<sval type="int" val="955" />
				</sval>
				<sval type="array" size="1">
					<sval type="int" val="1168" />
				</sval>
			</sval>
			<sval type="array" size="7">
				<sval type="array" size="2">
					<sval type="int" val="45" />
					<sval type="string" val="" />
				</sval>
				<sval type="array" size="2">
					<sval type="int" val="45" />
					<sval type="string" val="" />
				</sval>
				<sval type="array" size="2">
					<sval type="int" val="10" />
					<sval type="string" val="" />
				</sval>
				<sval type="array" size="2">
					<sval type="int" val="9" />
					<sval type="string" val="" />
				</sval>
				<sval type="array" size="2">
					<sval type="int" val="45" />
					<sval type="string" val="" />
				</sval>
				<sval type="array" size="2">
					<sval type="int" val="13" />
					<sval type="string" val="" />
				</sval>
				<sval type="array" size="2">
					<sval type="int" val="10" />
					<sval type="string" val="" />
				</sval>
			</sval>
			<sval type="array" size="15">
				<sval type="array" size="3">
					<sval type="int" val="0" />
					<sval type="int" val="1" />
					<sval type="string" val="************************************************" />
				</sval>
				<sval type="array" size="3">
					<sval type="int" val="0" />
					<sval type="int" val="1" />
					<sval type="string" val="SCRIPT NAME: plugin.zanzal.shoppingassistant.updateware.xml" />
				</sval>
				<sval type="array" size="3">
					<sval type="int" val="0" />
					<sval type="int" val="1" />
					<sval type="string" val="DESCRIPTION: " />
				</sval>
				<sval type="array" size="3">
					<sval type="int" val="0" />
					<sval type="int" val="1" />
					<sval type="string" val="" />
				</sval>
				<sval type="array" size="3">
					<sval type="int" val="0" />
					<sval type="int" val="1" />
					<sval type="string" val="AUTHOR: Zanzal          DATE: 26 January 2014" />
				</sval>
				<sval type="array" size="3">
					<sval type="int" val="0" />
					<sval type="int" val="1" />
					<sval type="string" val="************************************************" />
				</sval>
				<sval type="array" size="2">
					<sval type="int" val="1" />
					<sval type="int" val="2" />
				</sval>
				<sval type="array" size="2">
					<sval type="int" val="9" />
					<sval type="int" val="7" />
				</sval>
				<sval type="array" size="2">
					<sval type="int" val="9" />
					<sval type="int" val="4" />
				</sval>
				<sval type="array" size="2">
					<sval type="int" val="10" />
					<sval type="int" val="4" />
				</sval>
				<sval type="array" size="2">
					<sval type="int" val="10" />
					<sval type="int" val="2" />
				</sval>
				<sval type="array" size="2">
					<sval type="int" val="11" />
					<sval type="int" val="2" />
				</sval>
				<sval type="array" size="2">
					<sval type="int" val="13" />
					<sval type="int" val="2" />
				</sval>
				<sval type="array" size="2">
					<sval type="int" val="19" />
					<sval type="int" val="5" />
				</sval>
				<sval type="array" size="2">
					<sval type="int" val="25" />
					<sval type="int" val="4" />
				</sval>
			</sval>
			<sval type="int" val="0" />
		</sval>
	</codearray>
</script>
