<?xml version="1.0" standalone="yes"?>
<?xml-stylesheet href="x2script.xsl" type="text/xsl"?>
<!-- Generated using X-Studio -->
<script>
	<name>plugin.zanzal.shoppingassistant.menu.addtoshoppinglist</name>
	<version>5</version>
	<engineversion>50</engineversion>
	<description></description>
	<arguments>
		<argument index="1" name="menu" type="Var/Array" desc="" />
		<argument index="2" name="shopping.list" type="Var/Array" desc="" />
		<argument index="3" name="shopping.menu.base" type="Var/Number" desc="" />
		<argument index="4" name="refobj" type="Value" desc="" />
		<argument index="5" name="ware" type="Var/Ware" desc="" />
		<argument index="6" name="ware.count" type="Var/Number" desc="" />
	</arguments>
	<sourcetext>
		<line linenr="001" indent="">
			<comment>* ************************************************</comment>
		</line>
		<line linenr="002" indent="">
			<comment>* SCRIPT NAME: plugin.zanzal.shoppingassistant.addware.xml</comment>
		</line>
		<line linenr="003" indent="">
			<comment>* DESCRIPTION: </comment>
		</line>
		<line linenr="004" indent="">
			<comment>* </comment>
		</line>
		<line linenr="005" indent="">
			<comment>* AUTHOR: Zanzal          DATE: 26 January 2014</comment>
		</line>
		<line linenr="006" indent="">
			<comment>* ************************************************</comment>
		</line>
		<line linenr="007" indent="">
			<var>$ware.count.text</var>
			<text> </text>
			<text>=</text>
			<text> </text>
			<text>convert</text>
			<text> </text>
			<text>number</text>
			<text> </text>
			<var>$ware.count</var>
			<text> </text>
			<text>to</text>
			<text> </text>
			<text>string</text>
		</line>
		<line linenr="008" indent="">
			<var>$idx</var>
			<text> </text>
			<text>=</text>
			<text> </text>
			<text>size</text>
			<text> </text>
			<text>of</text>
			<text> </text>
			<text>array</text>
			<text> </text>
			<var>$shopping.list</var>
		</line>
		<line linenr="009" indent="&#160;">
			<text>while</text>
			<text> </text>
			<var>$idx</var>
		</line>
		<line linenr="010" indent="&#160;">
			<text>dec</text>
			<text> </text>
			<var>$idx</var>
		</line>
		<line linenr="011" indent="&#160;&#160;">
			<var>$shopping.item</var>
			<text> </text>
			<text>=</text>
			<text> </text>
			<var>$shopping.list</var>
			<text>[</text>
			<var>$idx</var>
			<text>]</text>
		</line>
		<line linenr="012" indent="&#160;&#160;">
			<var>$shopping.ware</var>
			<text> </text>
			<text>=</text>
			<text> </text>
			<var>$shopping.item</var>
			<text>[</text>
			<var>1</var>
			<text>]</text>
		</line>
		<line linenr="013" indent="&#160;&#160;">
			<text>if</text>
			<text> </text>
			<var>$shopping.ware</var>
			<text> </text>
			<text>==</text>
			<text> </text>
			<var>$ware</var>
		</line>
		<line linenr="014" indent="&#160;&#160;">
			<var>$shopping.item</var>
			<text>[</text>
			<var>0</var>
			<text>]</text>
			<text> </text>
			<text>=</text>
			<text> </text>
			<var>$ware.count</var>
		</line>
		<line linenr="015" indent="&#160;&#160;">
			<var>$menu.idx</var>
			<text> </text>
			<text>=</text>
			<text> </text>
			<var>$idx</var>
			<text> </text>
			<text>+</text>
			<text> </text>
			<var>$shopping.menu.base</var>
		</line>
		<line linenr="016" indent="&#160;&#160;">
			<var>$menu.item</var>
			<text> </text>
			<text>=</text>
			<text> </text>
			<var>$menu</var>
			<text>[</text>
			<var>$menu.idx</var>
			<text>]</text>
		</line>
		<line linenr="017" indent="&#160;">
			<var>$menu.text</var>
			<text> </text>
			<text>=</text>
			<text> </text>
			<var>$menu.item</var>
			<text>[</text>
			<var>0</var>
			<text>]</text>
		</line>
		<line linenr="018" indent="">
			<var>$menu.text</var>
			<text>[</text>
			<var>3</var>
			<text>]</text>
			<text> </text>
			<text>=</text>
			<text> </text>
			<var>$ware.count.text</var>
		</line>
		<line linenr="019" indent="">
			<text>endsub</text>
		</line>
		<line linenr="020" indent="">
			<text>end</text>
		</line>
		<line linenr="021" indent="">
			<text>end</text>
		</line>
		<line linenr="022" indent="" />
		<line linenr="023" indent="">
			<var>$current.count</var>
			<text> </text>
			<text>=</text>
			<text> </text>
			<var>$refobj</var>
			<text>-&gt;</text>
			<text> </text>
			<text>get</text>
			<text> </text>
			<text>amount</text>
			<text> </text>
			<text>of</text>
			<text> </text>
			<text>ware</text>
			<text> </text>
			<var>$ware</var>
			<text> </text>
			<text>in</text>
			<text> </text>
			<text>cargo</text>
			<text> </text>
			<text>bay</text>
		</line>
		<line linenr="024" indent="">
			<var>$current.count.text</var>
			<text> </text>
			<text>=</text>
			<text> </text>
			<text>convert</text>
			<text> </text>
			<text>number</text>
			<text> </text>
			<var>$current.count</var>
			<text> </text>
			<text>to</text>
			<text> </text>
			<text>string</text>
		</line>
		<line linenr="025" indent="" />
		<line linenr="026" indent="">
			<var>$ware.text</var>
			<text> </text>
			<text>=</text>
			<text> </text>
			<text>sprintf</text>
			<text>:</text>
			<text> </text>
			<text>fmt</text>
			<text>=</text>
			<text>'%s'</text>
			<text>,</text>
			<text> </text>
			<var>$ware</var>
			<text>,</text>
			<text> </text>
			<var>null</var>
			<text>,</text>
			<text> </text>
			<var>null</var>
			<text>,</text>
			<text> </text>
			<var>null</var>
			<text>,</text>
			<text> </text>
			<var>null</var>
		</line>
		<line linenr="027" indent="">
			<var>$idx</var>
			<text> </text>
			<text>=</text>
			<text> </text>
			<text>size</text>
			<text> </text>
			<text>of</text>
			<text> </text>
			<text>array</text>
			<text> </text>
			<var>$shopping.list</var>
		</line>
		<line linenr="028" indent="">
			<var>$idx</var>
			<text> </text>
			<text>=</text>
			<text> </text>
			<var>$idx</var>
			<text> </text>
			<text>+</text>
			<text> </text>
			<var>$shopping.menu.base</var>
		</line>
		<line linenr="029" indent="">
			<var>$shopping.item</var>
			<text> </text>
			<text>=</text>
			<text> </text>
			<text>array</text>
			<text> </text>
			<text>alloc</text>
			<text>:</text>
			<text> </text>
			<text>size</text>
			<text>=</text>
			<var>2</var>
		</line>
		<line linenr="030" indent="">
			<var>$shopping.item</var>
			<text>[</text>
			<var>0</var>
			<text>]</text>
			<text> </text>
			<text>=</text>
			<text> </text>
			<var>$ware.count</var>
		</line>
		<line linenr="031" indent="">
			<var>$shopping.item</var>
			<text>[</text>
			<var>1</var>
			<text>]</text>
			<text> </text>
			<text>=</text>
			<text> </text>
			<var>$ware</var>
		</line>
		<line linenr="032" indent="">
			<text>append</text>
			<text> </text>
			<var>$shopping.item</var>
			<text> </text>
			<text>to</text>
			<text> </text>
			<text>array</text>
			<text> </text>
			<var>$shopping.list</var>
		</line>
		<line linenr="033" indent="&#160;">
			<var>$menu.text</var>
			<text> </text>
			<text>=</text>
			<text> </text>
			<text>array</text>
			<text> </text>
			<text>alloc</text>
			<text>:</text>
			<text> </text>
			<text>size</text>
			<text>=</text>
			<var>6</var>
		</line>
		<line linenr="034" indent="">
			<var>$menu.text</var>
			<text>[</text>
			<var>0</var>
			<text>]</text>
			<text> </text>
			<text>=</text>
			<text> </text>
			<var>1</var>
		</line>
		<line linenr="035" indent="&#160;">
			<var>$menu.text</var>
			<text>[</text>
			<var>1</var>
			<text>]</text>
			<text> </text>
			<text>=</text>
			<text> </text>
			<var>$ware.text</var>
		</line>
		<line linenr="036" indent="">
			<var>$menu.text</var>
			<text>[</text>
			<var>2</var>
			<text>]</text>
			<text> </text>
			<text>=</text>
			<text> </text>
			<var>-1</var>
		</line>
		<line linenr="037" indent="">
			<var>$menu.text</var>
			<text>[</text>
			<var>3</var>
			<text>]</text>
			<text> </text>
			<text>=</text>
			<text> </text>
			<var>$ware.count.text</var>
		</line>
		<line linenr="038" indent="">
			<var>$menu.text</var>
			<text>[</text>
			<var>4</var>
			<text>]</text>
			<text> </text>
			<text>=</text>
			<text> </text>
			<var>-100</var>
		</line>
		<line linenr="039" indent="">
			<var>$menu.text</var>
			<text>[</text>
			<var>5</var>
			<text>]</text>
			<text> </text>
			<text>=</text>
			<text> </text>
			<var>$current.count.text</var>
		</line>
		<line linenr="040" indent="" />
		<line linenr="041" indent="">
			<var>$tmp</var>
			<text> </text>
			<text>=</text>
			<text> </text>
			<text>array</text>
			<text> </text>
			<text>alloc</text>
			<text>:</text>
			<text> </text>
			<text>size</text>
			<text>=</text>
			<var>0</var>
		</line>
		<line linenr="042" indent="" />
		<line linenr="043" indent="">
			<text>if</text>
			<text> </text>
			<text>is</text>
			<text> </text>
			<text>equipment</text>
			<text>:</text>
			<text> </text>
			<text>ware</text>
			<text>=</text>
			<var>$ware</var>
		</line>
		<line linenr="044" indent="">
			<var>$max</var>
			<text> </text>
			<text>=</text>
			<text> </text>
			<var>1</var>
		</line>
		<line linenr="045" indent="">
			<text>else</text>
		</line>
		<line linenr="046" indent="" interruptable="@">
			<var>$max</var>
			<text> </text>
			<text>=</text>
			<text> </text>
			<var>$refobj</var>
			<text>-&gt;</text>
			<text> </text>
			<text>call</text>
			<text> </text>
			<text>script</text>
			<text> </text>
			<call>plugin.zanzal.shopping.getfreecargospaceforware</call>
			<text> </text>
			<text>:</text>
			<text> </text>
			<text>include.max.jumpfuel</text>
			<text>=</text>
			<var>[TRUE]</var>
			<text> </text>
			<text>shopping.list</text>
			<text>=</text>
			<var>$shopping.list</var>
			<text> </text>
			<text>ware</text>
			<text>=</text>
			<var>$ware</var>
		</line>
		<line linenr="047" indent="">
			<text>end</text>
		</line>
		<line linenr="048" indent="" />
		<line linenr="049" indent="">
			<var>$current</var>
			<text> </text>
			<text>=</text>
			<text> </text>
			<var>$ware.count</var>
		</line>
		<line linenr="050" indent="">
			<var>$max</var>
			<text> </text>
			<text>=</text>
			<text> </text>
			<var>$max</var>
			<text> </text>
			<text>+</text>
			<text> </text>
			<var>$current.count</var>
		</line>
		<line linenr="051" indent="" />
		<line linenr="052" indent="">
			<var>$left.text</var>
			<text> </text>
			<text>=</text>
			<text> </text>
			<text>'Minimum'</text>
		</line>
		<line linenr="053" indent="">
			<var>$right.text</var>
			<text> </text>
			<text>=</text>
			<text> </text>
			<text>'Maximum'</text>
		</line>
		<line linenr="054" indent="">
			<var>$updateware.params</var>
			<text> </text>
			<text>=</text>
			<text> </text>
			<text>array</text>
			<text> </text>
			<text>alloc</text>
			<text>:</text>
			<text> </text>
			<text>size</text>
			<text>=</text>
			<var>6</var>
		</line>
		<line linenr="055" indent="">
			<var>$updateware.params</var>
			<text>[</text>
			<var>0</var>
			<text>]</text>
			<text> </text>
			<text>=</text>
			<text> </text>
			<var>$menu</var>
		</line>
		<line linenr="056" indent="">
			<var>$updateware.params</var>
			<text>[</text>
			<var>1</var>
			<text>]</text>
			<text> </text>
			<text>=</text>
			<text> </text>
			<var>$shopping.list</var>
		</line>
		<line linenr="057" indent="">
			<var>$updateware.params</var>
			<text>[</text>
			<var>2</var>
			<text>]</text>
			<text> </text>
			<text>=</text>
			<text> </text>
			<var>$shopping.menu.base</var>
		</line>
		<line linenr="058" indent="">
			<var>$updateware.params</var>
			<text>[</text>
			<var>3</var>
			<text>]</text>
			<text> </text>
			<text>=</text>
			<text> </text>
			<var>$refobj</var>
		</line>
		<line linenr="059" indent="">
			<var>$updateware.params</var>
			<text>[</text>
			<var>4</var>
			<text>]</text>
			<text> </text>
			<text>=</text>
			<text> </text>
			<var>$tmp</var>
		</line>
		<line linenr="060" indent="">
			<var>$updateware.params</var>
			<text>[</text>
			<var>5</var>
			<text>]</text>
			<text> </text>
			<text>=</text>
			<text> </text>
			<var>$ware</var>
		</line>
		<line linenr="061" indent="">
			<var>$ret</var>
			<text> </text>
			<text>=</text>
			<text> </text>
			<text>create</text>
			<text> </text>
			<text>menu</text>
			<text> </text>
			<text>return</text>
			<text> </text>
			<text>value</text>
			<text>:</text>
			<text> </text>
			<text>open</text>
			<text> </text>
			<text>menu</text>
			<text>,</text>
			<text> </text>
			<text>menu</text>
			<text> </text>
			<text>script</text>
			<text>=</text>
			<text>'plugin.zanzal.shoppingassistant.menu.update'</text>
			<text>,</text>
			<text> </text>
			<text>script</text>
			<text> </text>
			<text>args</text>
			<text>=</text>
			<var>$updateware.params</var>
		</line>
		<line linenr="062" indent="">
			<text>add</text>
			<text> </text>
			<text>trade</text>
			<text> </text>
			<text>bar</text>
			<text> </text>
			<text>to</text>
			<text> </text>
			<text>menu</text>
			<text>:</text>
			<text> </text>
			<var>$tmp</var>
			<text>,</text>
			<text> </text>
			<text>text</text>
			<text>=</text>
			<var>$menu.text</var>
			<text>,</text>
			<text> </text>
			<text>min</text>
			<text>=</text>
			<var>0</var>
			<text>,</text>
			<text> </text>
			<text>max</text>
			<text>=</text>
			<var>$max</var>
			<text>,</text>
			<text> </text>
			<text>current</text>
			<text>=</text>
			<var>$current</var>
			<text>,</text>
			<text> </text>
			<text>return</text>
			<text> </text>
			<text>value</text>
			<text>=</text>
			<var>$ret</var>
			<text>,</text>
			<text> </text>
			<text>left</text>
			<text> </text>
			<text>text</text>
			<text>=</text>
			<var>$left.text</var>
			<text>,</text>
			<text> </text>
			<text>right</text>
			<text> </text>
			<text>text</text>
			<text>=</text>
			<var>$right.text</var>
		</line>
		<line linenr="063" indent="">
			<var>$menu.item</var>
			<text> </text>
			<text>=</text>
			<text> </text>
			<var>$tmp</var>
			<text>[</text>
			<var>0</var>
			<text>]</text>
		</line>
		<line linenr="064" indent="">
			<var>$updateware.params</var>
			<text>[</text>
			<var>4</var>
			<text>]</text>
			<text> </text>
			<text>=</text>
			<text> </text>
			<var>$menu.item</var>
		</line>
		<line linenr="065" indent="">
			<text>insert</text>
			<text> </text>
			<var>$menu.item</var>
			<text> </text>
			<text>into</text>
			<text> </text>
			<text>array</text>
			<text> </text>
			<var>$menu</var>
			<text> </text>
			<text>at</text>
			<text> </text>
			<text>index</text>
			<text> </text>
			<var>$idx</var>
		</line>
		<line linenr="066" indent="">
			<text>return</text>
			<text> </text>
			<var>null</var>
		</line>
	</sourcetext>
	<codearray>
		<sval type="array" size="10">
			<sval type="string" val="plugin.zanzal.shoppingassistant.menu.addtoshoppinglist" />
			<sval type="int" val="50" />
			<sval type="string" val="" />
			<sval type="int" val="5" />
			<sval type="int" val="0" />
			<sval type="array" size="23">
				<sval type="string" val="menu" />
				<sval type="string" val="shopping.list" />
				<sval type="string" val="shopping.menu.base" />
				<sval type="string" val="refobj" />
				<sval type="string" val="ware" />
				<sval type="string" val="ware.count" />
				<sval type="string" val="ware.count.text" />
				<sval type="string" val="shopping.item" />
				<sval type="string" val="idx" />
				<sval type="string" val="shopping.ware" />
				<sval type="string" val="menu.idx" />
				<sval type="string" val="menu.item" />
				<sval type="string" val="menu.text" />
				<sval type="string" val="current.count" />
				<sval type="string" val="current.count.text" />
				<sval type="string" val="ware.text" />
				<sval type="string" val="tmp" />
				<sval type="string" val="max" />
				<sval type="string" val="current" />
				<sval type="string" val="left.text" />
				<sval type="string" val="right.text" />
				<sval type="string" val="updateware.params" />
				<sval type="string" val="ret" />
			</sval>
			<sval type="array" size="52">
				<sval type="array" size="4">
					<sval type="int" val="1474" />
					<sval type="int" val="6" />
					<sval type="int" val="131074" />
					<sval type="int" val="5" />
				</sval>
				<sval type="array" size="4">
					<sval type="int" val="131" />
					<sval type="int" val="8" />
					<sval type="int" val="131074" />
					<sval type="int" val="1" />
				</sval>
				<sval type="array" size="7">
					<sval type="int" val="104" />
					<sval type="int" val="-1610609143" />
					<sval type="int" val="1" />
					<sval type="int" val="131074" />
					<sval type="int" val="8" />
					<sval type="int" val="1" />
					<sval type="int" val="-1" />
				</sval>
				<sval type="array" size="2">
					<sval type="int" val="143" />
					<sval type="int" val="8" />
				</sval>
				<sval type="array" size="6">
					<sval type="int" val="129" />
					<sval type="int" val="7" />
					<sval type="int" val="131074" />
					<sval type="int" val="1" />
					<sval type="int" val="131074" />
					<sval type="int" val="8" />
				</sval>
				<sval type="array" size="6">
					<sval type="int" val="129" />
					<sval type="int" val="9" />
					<sval type="int" val="131074" />
					<sval type="int" val="7" />
					<sval type="int" val="4" />
					<sval type="int" val="1" />
				</sval>
				<sval type="array" size="13">
					<sval type="int" val="104" />
					<sval type="int" val="-1610609405" />
					<sval type="int" val="3" />
					<sval type="int" val="131074" />
					<sval type="int" val="9" />
					<sval type="int" val="131074" />
					<sval type="int" val="4" />
					<sval type="int" val="15" />
					<sval type="int" val="0" />
					<sval type="int" val="3" />
					<sval type="int" val="-1" />
					<sval type="int" val="0" />
					<sval type="int" val="-2" />
				</sval>
				<sval type="array" size="7">
					<sval type="int" val="130" />
					<sval type="int" val="131074" />
					<sval type="int" val="7" />
					<sval type="int" val="4" />
					<sval type="int" val="0" />
					<sval type="int" val="131074" />
					<sval type="int" val="5" />
				</sval>
				<sval type="array" size="13">
					<sval type="int" val="104" />
					<sval type="int" val="10" />
					<sval type="int" val="3" />
					<sval type="int" val="131074" />
					<sval type="int" val="8" />
					<sval type="int" val="131074" />
					<sval type="int" val="2" />
					<sval type="int" val="15" />
					<sval type="int" val="11" />
					<sval type="int" val="3" />
					<sval type="int" val="-1" />
					<sval type="int" val="11" />
					<sval type="int" val="-2" />
				</sval>
				<sval type="array" size="6">
					<sval type="int" val="129" />
					<sval type="int" val="11" />
					<sval type="int" val="131074" />
					<sval type="int" val="0" />
					<sval type="int" val="131074" />
					<sval type="int" val="10" />
				</sval>
				<sval type="array" size="6">
					<sval type="int" val="129" />
					<sval type="int" val="12" />
					<sval type="int" val="131074" />
					<sval type="int" val="11" />
					<sval type="int" val="4" />
					<sval type="int" val="0" />
				</sval>
				<sval type="array" size="7">
					<sval type="int" val="130" />
					<sval type="int" val="131074" />
					<sval type="int" val="12" />
					<sval type="int" val="4" />
					<sval type="int" val="3" />
					<sval type="int" val="131074" />
					<sval type="int" val="6" />
				</sval>
				<sval type="array" size="1">
					<sval type="int" val="1168" />
				</sval>
				<sval type="array" size="2">
					<sval type="int" val="112" />
					<sval type="int" val="2" />
				</sval>
				<sval type="array" size="6">
					<sval type="int" val="618" />
					<sval type="int" val="131074" />
					<sval type="int" val="3" />
					<sval type="int" val="13" />
					<sval type="int" val="131074" />
					<sval type="int" val="4" />
				</sval>
				<sval type="array" size="4">
					<sval type="int" val="1474" />
					<sval type="int" val="14" />
					<sval type="int" val="131074" />
					<sval type="int" val="13" />
				</sval>
				<sval type="array" size="14">
					<sval type="int" val="149" />
					<sval type="int" val="15" />
					<sval type="int" val="5" />
					<sval type="string" val="%s" />
					<sval type="int" val="131074" />
					<sval type="int" val="4" />
					<sval type="int" val="0" />
					<sval type="int" val="0" />
					<sval type="int" val="0" />
					<sval type="int" val="0" />
					<sval type="int" val="0" />
					<sval type="int" val="0" />
					<sval type="int" val="0" />
					<sval type="int" val="0" />
				</sval>
				<sval type="array" size="4">
					<sval type="int" val="131" />
					<sval type="int" val="8" />
					<sval type="int" val="131074" />
					<sval type="int" val="1" />
				</sval>
				<sval type="array" size="13">
					<sval type="int" val="104" />
					<sval type="int" val="8" />
					<sval type="int" val="3" />
					<sval type="int" val="131074" />
					<sval type="int" val="8" />
					<sval type="int" val="131074" />
					<sval type="int" val="2" />
					<sval type="int" val="15" />
					<sval type="int" val="11" />
					<sval type="int" val="3" />
					<sval type="int" val="-1" />
					<sval type="int" val="11" />
					<sval type="int" val="-2" />
				</sval>
				<sval type="array" size="4">
					<sval type="int" val="128" />
					<sval type="int" val="7" />
					<sval type="int" val="4" />
					<sval type="int" val="2" />
				</sval>
				<sval type="array" size="7">
					<sval type="int" val="130" />
					<sval type="int" val="131074" />
					<sval type="int" val="7" />
					<sval type="int" val="4" />
					<sval type="int" val="0" />
					<sval type="int" val="131074" />
					<sval type="int" val="5" />
				</sval>
				<sval type="array" size="7">
					<sval type="int" val="130" />
					<sval type="int" val="131074" />
					<sval type="int" val="7" />
					<sval type="int" val="4" />
					<sval type="int" val="1" />
					<sval type="int" val="131074" />
					<sval type="int" val="4" />
				</sval>
				<sval type="array" size="5">
					<sval type="int" val="135" />
					<sval type="int" val="131074" />
					<sval type="int" val="1" />
					<sval type="int" val="131074" />
					<sval type="int" val="7" />
				</sval>
				<sval type="array" size="4">
					<sval type="int" val="128" />
					<sval type="int" val="12" />
					<sval type="int" val="4" />
					<sval type="int" val="6" />
				</sval>
				<sval type="array" size="7">
					<sval type="int" val="130" />
					<sval type="int" val="131074" />
					<sval type="int" val="12" />
					<sval type="int" val="4" />
					<sval type="int" val="0" />
					<sval type="int" val="4" />
					<sval type="int" val="1" />
				</sval>
				<sval type="array" size="7">
					<sval type="int" val="130" />
					<sval type="int" val="131074" />
					<sval type="int" val="12" />
					<sval type="int" val="4" />
					<sval type="int" val="1" />
					<sval type="int" val="131074" />
					<sval type="int" val="15" />
				</sval>
				<sval type="array" size="7">
					<sval type="int" val="130" />
					<sval type="int" val="131074" />
					<sval type="int" val="12" />
					<sval type="int" val="4" />
					<sval type="int" val="2" />
					<sval type="int" val="4" />
					<sval type="int" val="-1" />
				</sval>
				<sval type="array" size="7">
					<sval type="int" val="130" />
					<sval type="int" val="131074" />
					<sval type="int" val="12" />
					<sval type="int" val="4" />
					<sval type="int" val="3" />
					<sval type="int" val="131074" />
					<sval type="int" val="6" />
				</sval>
				<sval type="array" size="7">
					<sval type="int" val="130" />
					<sval type="int" val="131074" />
					<sval type="int" val="12" />
					<sval type="int" val="4" />
					<sval type="int" val="4" />
					<sval type="int" val="4" />
					<sval type="int" val="-100" />
				</sval>
				<sval type="array" size="7">
					<sval type="int" val="130" />
					<sval type="int" val="131074" />
					<sval type="int" val="12" />
					<sval type="int" val="4" />
					<sval type="int" val="5" />
					<sval type="int" val="131074" />
					<sval type="int" val="14" />
				</sval>
				<sval type="array" size="4">
					<sval type="int" val="128" />
					<sval type="int" val="16" />
					<sval type="int" val="4" />
					<sval type="int" val="0" />
				</sval>
				<sval type="array" size="4">
					<sval type="int" val="1479" />
					<sval type="int" val="-1610604029" />
					<sval type="int" val="131074" />
					<sval type="int" val="4" />
				</sval>
				<sval type="array" size="7">
					<sval type="int" val="104" />
					<sval type="int" val="17" />
					<sval type="int" val="1" />
					<sval type="int" val="4" />
					<sval type="int" val="1" />
					<sval type="int" val="1" />
					<sval type="int" val="-1" />
				</sval>
				<sval type="array" size="2">
					<sval type="int" val="112" />
					<sval type="int" val="35" />
				</sval>
				<sval type="array" size="12">
					<sval type="int" val="102" />
					<sval type="string" val="plugin.zanzal.shopping.getfreecargospaceforware" />
					<sval type="int" val="17" />
					<sval type="int" val="131074" />
					<sval type="int" val="3" />
					<sval type="int" val="3" />
					<sval type="int" val="131075" />
					<sval type="int" val="10" />
					<sval type="int" val="131074" />
					<sval type="int" val="1" />
					<sval type="int" val="131074" />
					<sval type="int" val="4" />
				</sval>
				<sval type="array" size="7">
					<sval type="int" val="104" />
					<sval type="int" val="18" />
					<sval type="int" val="1" />
					<sval type="int" val="131074" />
					<sval type="int" val="5" />
					<sval type="int" val="1" />
					<sval type="int" val="-1" />
				</sval>
				<sval type="array" size="13">
					<sval type="int" val="104" />
					<sval type="int" val="17" />
					<sval type="int" val="3" />
					<sval type="int" val="131074" />
					<sval type="int" val="17" />
					<sval type="int" val="131074" />
					<sval type="int" val="13" />
					<sval type="int" val="15" />
					<sval type="int" val="11" />
					<sval type="int" val="3" />
					<sval type="int" val="-1" />
					<sval type="int" val="11" />
					<sval type="int" val="-2" />
				</sval>
				<sval type="array" size="7">
					<sval type="int" val="104" />
					<sval type="int" val="19" />
					<sval type="int" val="1" />
					<sval type="int" val="5" />
					<sval type="string" val="Minimum" />
					<sval type="int" val="1" />
					<sval type="int" val="-1" />
				</sval>
				<sval type="array" size="7">
					<sval type="int" val="104" />
					<sval type="int" val="20" />
					<sval type="int" val="1" />
					<sval type="int" val="5" />
					<sval type="string" val="Maximum" />
					<sval type="int" val="1" />
					<sval type="int" val="-1" />
				</sval>
				<sval type="array" size="4">
					<sval type="int" val="128" />
					<sval type="int" val="21" />
					<sval type="int" val="4" />
					<sval type="int" val="6" />
				</sval>
				<sval type="array" size="7">
					<sval type="int" val="130" />
					<sval type="int" val="131074" />
					<sval type="int" val="21" />
					<sval type="int" val="4" />
					<sval type="int" val="0" />
					<sval type="int" val="131074" />
					<sval type="int" val="0" />
				</sval>
				<sval type="array" size="7">
					<sval type="int" val="130" />
					<sval type="int" val="131074" />
					<sval type="int" val="21" />
					<sval type="int" val="4" />
					<sval type="int" val="1" />
					<sval type="int" val="131074" />
					<sval type="int" val="1" />
				</sval>
				<sval type="array" size="7">
					<sval type="int" val="130" />
					<sval type="int" val="131074" />
					<sval type="int" val="21" />
					<sval type="int" val="4" />
					<sval type="int" val="2" />
					<sval type="int" val="131074" />
					<sval type="int" val="2" />
				</sval>
				<sval type="array" size="7">
					<sval type="int" val="130" />
					<sval type="int" val="131074" />
					<sval type="int" val="21" />
					<sval type="int" val="4" />
					<sval type="int" val="3" />
					<sval type="int" val="131074" />
					<sval type="int" val="3" />
				</sval>
				<sval type="array" size="7">
					<sval type="int" val="130" />
					<sval type="int" val="131074" />
					<sval type="int" val="21" />
					<sval type="int" val="4" />
					<sval type="int" val="4" />
					<sval type="int" val="131074" />
					<sval type="int" val="16" />
				</sval>
				<sval type="array" size="7">
					<sval type="int" val="130" />
					<sval type="int" val="131074" />
					<sval type="int" val="21" />
					<sval type="int" val="4" />
					<sval type="int" val="5" />
					<sval type="int" val="131074" />
					<sval type="int" val="4" />
				</sval>
				<sval type="array" size="6">
					<sval type="int" val="1547" />
					<sval type="int" val="22" />
					<sval type="int" val="5" />
					<sval type="string" val="plugin.zanzal.shoppingassistant.menu.update" />
					<sval type="int" val="131074" />
					<sval type="int" val="21" />
				</sval>
				<sval type="array" size="17">
					<sval type="int" val="1549" />
					<sval type="int" val="131074" />
					<sval type="int" val="16" />
					<sval type="int" val="131074" />
					<sval type="int" val="12" />
					<sval type="int" val="4" />
					<sval type="int" val="0" />
					<sval type="int" val="131074" />
					<sval type="int" val="17" />
					<sval type="int" val="131074" />
					<sval type="int" val="18" />
					<sval type="int" val="131074" />
					<sval type="int" val="22" />
					<sval type="int" val="131074" />
					<sval type="int" val="19" />
					<sval type="int" val="131074" />
					<sval type="int" val="20" />
				</sval>
				<sval type="array" size="6">
					<sval type="int" val="129" />
					<sval type="int" val="11" />
					<sval type="int" val="131074" />
					<sval type="int" val="16" />
					<sval type="int" val="4" />
					<sval type="int" val="0" />
				</sval>
				<sval type="array" size="7">
					<sval type="int" val="130" />
					<sval type="int" val="131074" />
					<sval type="int" val="21" />
					<sval type="int" val="4" />
					<sval type="int" val="4" />
					<sval type="int" val="131074" />
					<sval type="int" val="11" />
				</sval>
				<sval type="array" size="7">
					<sval type="int" val="134" />
					<sval type="int" val="131074" />
					<sval type="int" val="0" />
					<sval type="int" val="131074" />
					<sval type="int" val="8" />
					<sval type="int" val="131074" />
					<sval type="int" val="11" />
				</sval>
				<sval type="array" size="3">
					<sval type="int" val="103" />
					<sval type="int" val="0" />
					<sval type="int" val="0" />
				</sval>
			</sval>
			<sval type="array" size="6">
				<sval type="array" size="2">
					<sval type="int" val="45" />
					<sval type="string" val="" />
				</sval>
				<sval type="array" size="2">
					<sval type="int" val="45" />
					<sval type="string" val="" />
				</sval>
				<sval type="array" size="2">
					<sval type="int" val="10" />
					<sval type="string" val="" />
				</sval>
				<sval type="array" size="2">
					<sval type="int" val="9" />
					<sval type="string" val="" />
				</sval>
				<sval type="array" size="2">
					<sval type="int" val="13" />
					<sval type="string" val="" />
				</sval>
				<sval type="array" size="2">
					<sval type="int" val="10" />
					<sval type="string" val="" />
				</sval>
			</sval>
			<sval type="array" size="16">
				<sval type="array" size="3">
					<sval type="int" val="0" />
					<sval type="int" val="1" />
					<sval type="string" val="************************************************" />
				</sval>
				<sval type="array" size="3">
					<sval type="int" val="0" />
					<sval type="int" val="1" />
					<sval type="string" val="SCRIPT NAME: plugin.zanzal.shoppingassistant.addware.xml" />
				</sval>
				<sval type="array" size="3">
					<sval type="int" val="0" />
					<sval type="int" val="1" />
					<sval type="string" val="DESCRIPTION: " />
				</sval>
				<sval type="array" size="3">
					<sval type="int" val="0" />
					<sval type="int" val="1" />
					<sval type="string" val="" />
				</sval>
				<sval type="array" size="3">
					<sval type="int" val="0" />
					<sval type="int" val="1" />
					<sval type="string" val="AUTHOR: Zanzal          DATE: 26 January 2014" />
				</sval>
				<sval type="array" size="3">
					<sval type="int" val="0" />
					<sval type="int" val="1" />
					<sval type="string" val="************************************************" />
				</sval>
				<sval type="array" size="2">
					<sval type="int" val="13" />
					<sval type="int" val="4" />
				</sval>
				<sval type="array" size="2">
					<sval type="int" val="14" />
					<sval type="int" val="4" />
				</sval>
				<sval type="array" size="2">
					<sval type="int" val="14" />
					<sval type="int" val="2" />
				</sval>
				<sval type="array" size="2">
					<sval type="int" val="16" />
					<sval type="int" val="2" />
				</sval>
				<sval type="array" size="2">
					<sval type="int" val="30" />
					<sval type="int" val="2" />
				</sval>
				<sval type="array" size="2">
					<sval type="int" val="31" />
					<sval type="int" val="2" />
				</sval>
				<sval type="array" size="2">
					<sval type="int" val="34" />
					<sval type="int" val="5" />
				</sval>
				<sval type="array" size="2">
					<sval type="int" val="35" />
					<sval type="int" val="4" />
				</sval>
				<sval type="array" size="2">
					<sval type="int" val="35" />
					<sval type="int" val="2" />
				</sval>
				<sval type="array" size="2">
					<sval type="int" val="37" />
					<sval type="int" val="2" />
				</sval>
			</sval>
			<sval type="int" val="0" />
		</sval>
	</codearray>
</script>
