<?xml version="1.0" standalone="yes"?>
<?xml-stylesheet href="x2script.xsl" type="text/xsl"?>
<!-- Generated using X-Studio -->
<script>
	<name>setup.zanzal.shoppingassistant</name>
	<version>1</version>
	<engineversion>50</engineversion>
	<description></description>
	<arguments />
	<sourcetext>
		<line linenr="001" indent="">
			<comment>* ************************************************</comment>
		</line>
		<line linenr="002" indent="">
			<comment>* SCRIPT NAME: setup.zanzal.shoppingassistant</comment>
		</line>
		<line linenr="003" indent="">
			<comment>* DESCRIPTION: Create a shopping list and order the ship to</comment>
		</line>
		<line linenr="004" indent="">
			<comment>* go buy it.</comment>
		</line>
		<line linenr="005" indent="">
			<comment>* </comment>
		</line>
		<line linenr="006" indent="">
			<comment>* AUTHOR: Zanzal          DATE: 14 January 2014</comment>
		</line>
		<line linenr="007" indent="">
			<comment>* ************************************************</comment>
		</line>
		<line linenr="008" indent="">
			<var>$pageid</var>
			<text> </text>
			<text>=</text>
			<text> </text>
			<var>8104</var>
		</line>
		<line linenr="009" indent="">
			<text>load</text>
			<text> </text>
			<text>text</text>
			<text>:</text>
			<text> </text>
			<text>id</text>
			<text>=</text>
			<var>$pageid</var>
		</line>
		<line linenr="010" indent="">
			<var>$key</var>
			<text> </text>
			<text>=</text>
			<text> </text>
			<var>[COMMAND_SHOPPING_ASSISTANT]</var>
		</line>
		<line linenr="011" indent="">
			<text>set</text>
			<text> </text>
			<text>script</text>
			<text> </text>
			<text>command</text>
			<text> </text>
			<text>upgrade</text>
			<text>:</text>
			<text> </text>
			<text>command</text>
			<text>=</text>
			<var>$key</var>
			<text>  </text>
			<text>upgrade</text>
			<text>=</text>
			<var>{Trade Command Software MK2}</var>
		</line>
		<line linenr="012" indent="">
			<text>global</text>
			<text> </text>
			<text>script</text>
			<text> </text>
			<text>map</text>
			<text>:</text>
			<text> </text>
			<text>set</text>
			<text>:</text>
			<text> </text>
			<text>key</text>
			<text>=</text>
			<var>$key</var>
			<text>,</text>
			<text> </text>
			<text>class</text>
			<text>=</text>
			<var>[Moveable Ship]</var>
			<text>,</text>
			<text> </text>
			<text>race</text>
			<text>=</text>
			<var>[Player]</var>
			<text>,</text>
			<text> </text>
			<text>script</text>
			<text>=</text>
			<call>plugin.zanzal.shoppingassistant.main</call>
			<text>,</text>
			<text> </text>
			<text>prio</text>
			<text>=</text>
			<var>0</var>
		</line>
		<line linenr="013" indent="">
			<text>set</text>
			<text> </text>
			<text>ship</text>
			<text> </text>
			<text>command</text>
			<text> </text>
			<text>preload</text>
			<text> </text>
			<text>script</text>
			<text>:</text>
			<text> </text>
			<text>command</text>
			<text>=</text>
			<var>$key</var>
			<text> </text>
			<text>script</text>
			<text>=</text>
			<call>plugin.zanzal.shoppingassistant.menu</call>
		</line>
		<line linenr="014" indent="">
			<text>return</text>
			<text> </text>
			<var>null</var>
		</line>
	</sourcetext>
	<codearray>
		<sval type="array" size="10">
			<sval type="string" val="setup.zanzal.shoppingassistant" />
			<sval type="int" val="50" />
			<sval type="string" val="" />
			<sval type="int" val="1" />
			<sval type="int" val="0" />
			<sval type="array" size="2">
				<sval type="string" val="pageid" />
				<sval type="string" val="key" />
			</sval>
			<sval type="array" size="7">
				<sval type="array" size="7">
					<sval type="int" val="104" />
					<sval type="int" val="0" />
					<sval type="int" val="1" />
					<sval type="int" val="4" />
					<sval type="int" val="8104" />
					<sval type="int" val="1" />
					<sval type="int" val="-1" />
				</sval>
				<sval type="array" size="3">
					<sval type="int" val="151" />
					<sval type="int" val="131074" />
					<sval type="int" val="0" />
				</sval>
				<sval type="array" size="7">
					<sval type="int" val="104" />
					<sval type="int" val="1" />
					<sval type="int" val="1" />
					<sval type="int" val="18" />
					<sval type="int" val="420" />
					<sval type="int" val="1" />
					<sval type="int" val="-1" />
				</sval>
				<sval type="array" size="5">
					<sval type="int" val="144" />
					<sval type="int" val="131074" />
					<sval type="int" val="1" />
					<sval type="int" val="9" />
					<sval type="int" val="1048631" />
				</sval>
				<sval type="array" size="10">
					<sval type="int" val="118" />
					<sval type="int" val="131074" />
					<sval type="int" val="1" />
					<sval type="string" val="plugin.zanzal.shoppingassistant.main" />
					<sval type="int" val="4" />
					<sval type="int" val="0" />
					<sval type="int" val="12" />
					<sval type="int" val="2134" />
					<sval type="int" val="10" />
					<sval type="int" val="10" />
				</sval>
				<sval type="array" size="4">
					<sval type="int" val="1466" />
					<sval type="int" val="131074" />
					<sval type="int" val="1" />
					<sval type="string" val="plugin.zanzal.shoppingassistant.menu" />
				</sval>
				<sval type="array" size="3">
					<sval type="int" val="103" />
					<sval type="int" val="0" />
					<sval type="int" val="0" />
				</sval>
			</sval>
			<sval type="int" val="0" />
			<sval type="array" size="7">
				<sval type="array" size="3">
					<sval type="int" val="0" />
					<sval type="int" val="1" />
					<sval type="string" val="************************************************" />
				</sval>
				<sval type="array" size="3">
					<sval type="int" val="0" />
					<sval type="int" val="1" />
					<sval type="string" val="SCRIPT NAME: setup.zanzal.shoppingassistant" />
				</sval>
				<sval type="array" size="3">
					<sval type="int" val="0" />
					<sval type="int" val="1" />
					<sval type="string" val="DESCRIPTION: Create a shopping list and order the ship to" />
				</sval>
				<sval type="array" size="3">
					<sval type="int" val="0" />
					<sval type="int" val="1" />
					<sval type="string" val="go buy it." />
				</sval>
				<sval type="array" size="3">
					<sval type="int" val="0" />
					<sval type="int" val="1" />
					<sval type="string" val="" />
				</sval>
				<sval type="array" size="3">
					<sval type="int" val="0" />
					<sval type="int" val="1" />
					<sval type="string" val="AUTHOR: Zanzal          DATE: 14 January 2014" />
				</sval>
				<sval type="array" size="3">
					<sval type="int" val="0" />
					<sval type="int" val="1" />
					<sval type="string" val="************************************************" />
				</sval>
			</sval>
			<sval type="int" val="0" />
		</sval>
	</codearray>
</script>
