<?xml version="1.0" standalone="yes"?>
<?xml-stylesheet href="x2script.xsl" type="text/xsl"?>
<!-- Generated using X-Studio -->
<script>
	<name>plugin.zanzal.selectwaretobuy</name>
	<version>1</version>
	<engineversion>50</engineversion>
	<description></description>
	<arguments>
		<argument index="1" name="refobj" type="Value" desc="" />
		<argument index="2" name="maintypes" type="Value" desc="" />
		<argument index="3" name="exclude.wares" type="Var/Array" desc="" />
		<argument index="4" name="use.trade.bar" type="Var/Boolean" desc="" />
		<argument index="5" name="tb.from.name" type="Var/String" desc="" />
		<argument index="6" name="tb.to.name" type="Var/String" desc="" />
	</arguments>
	<sourcetext>
		<line linenr="001" indent="">
			<comment>* ************************************************</comment>
		</line>
		<line linenr="002" indent="">
			<comment>* SCRIPT NAME: plugin.zanzal.selectware</comment>
		</line>
		<line linenr="003" indent="">
			<comment>* DESCRIPTION: Ware picker</comment>
		</line>
		<line linenr="004" indent="">
			<comment>* </comment>
		</line>
		<line linenr="005" indent="">
			<comment>* AUTHOR: Zanzal          DATE: 25 January 2014</comment>
		</line>
		<line linenr="006" indent="">
			<comment>* ************************************************</comment>
		</line>
		<line linenr="007" indent="">
			<var>$exclude</var>
			<text> </text>
			<text>=</text>
			<text> </text>
			<text>array</text>
			<text> </text>
			<text>alloc</text>
			<text>:</text>
			<text> </text>
			<text>size</text>
			<text>=</text>
			<var>22</var>
		</line>
		<line linenr="008" indent="">
			<var>$exclude</var>
			<text>[</text>
			<var>0</var>
			<text>]</text>
			<text> </text>
			<text>=</text>
			<text> </text>
			<var>{Marine}</var>
		</line>
		<line linenr="009" indent="&#160;">
			<var>$exclude</var>
			<text>[</text>
			<var>1</var>
			<text>]</text>
			<text> </text>
			<text>=</text>
			<text> </text>
			<var>{Mercenary}</var>
		</line>
		<line linenr="010" indent="">
			<var>$exclude</var>
			<text>[</text>
			<var>2</var>
			<text>]</text>
			<text> </text>
			<text>=</text>
			<text> </text>
			<var>{Credits}</var>
		</line>
		<line linenr="011" indent="">
			<var>$exclude</var>
			<text>[</text>
			<var>3</var>
			<text>]</text>
			<text> </text>
			<text>=</text>
			<text> </text>
			<var>{Unfocussed Jumpdrive}</var>
		</line>
		<line linenr="012" indent="">
			<var>$exclude</var>
			<text>[</text>
			<var>4</var>
			<text>]</text>
			<text> </text>
			<text>=</text>
			<text> </text>
			<var>{USC Security License}</var>
		</line>
		<line linenr="013" indent="">
			<var>$exclude</var>
			<text>[</text>
			<var>5</var>
			<text>]</text>
			<text> </text>
			<text>=</text>
			<text> </text>
			<var>{Ship Blueprints}</var>
		</line>
		<line linenr="014" indent="">
			<var>$exclude</var>
			<text>[</text>
			<var>6</var>
			<text>]</text>
			<text> </text>
			<text>=</text>
			<text> </text>
			<var>{Ship Upgrades}</var>
		</line>
		<line linenr="015" indent="">
			<var>$exclude</var>
			<text>[</text>
			<var>7</var>
			<text>]</text>
			<text> </text>
			<text>=</text>
			<text> </text>
			<var>{Jon Kayean's}</var>
		</line>
		<line linenr="016" indent="">
			<var>$exclude</var>
			<text>[</text>
			<var>8</var>
			<text>]</text>
			<text> </text>
			<text>=</text>
			<text> </text>
			<var>{Nividium (WARE_NIVIDIUM)}</var>
		</line>
		<line linenr="017" indent="">
			<var>$exclude</var>
			<text>[</text>
			<var>9</var>
			<text>]</text>
			<text> </text>
			<text>=</text>
			<text> </text>
			<var>{Sector/Station Coordinates}</var>
		</line>
		<line linenr="018" indent="">
			<var>$exclude</var>
			<text>[</text>
			<var>10</var>
			<text>]</text>
			<text> </text>
			<text>=</text>
			<text> </text>
			<var>{Very Important Passengers}</var>
		</line>
		<line linenr="019" indent="">
			<var>$exclude</var>
			<text>[</text>
			<var>11</var>
			<text>]</text>
			<text> </text>
			<text>=</text>
			<text> </text>
			<var>{Passengers}</var>
		</line>
		<line linenr="020" indent="">
			<var>$exclude</var>
			<text>[</text>
			<var>12</var>
			<text>]</text>
			<text> </text>
			<text>=</text>
			<text> </text>
			<var>{Prisoners}</var>
		</line>
		<line linenr="021" indent="">
			<var>$exclude</var>
			<text>[</text>
			<var>13</var>
			<text>]</text>
			<text> </text>
			<text>=</text>
			<text> </text>
			<var>{\033RBlood Stained Note\033X}</var>
		</line>
		<line linenr="022" indent="&#160;">
			<var>$exclude</var>
			<text>[</text>
			<var>14</var>
			<text>]</text>
			<text> </text>
			<text>=</text>
			<text> </text>
			<var>{Salvage Insurance}</var>
		</line>
		<line linenr="023" indent="">
			<var>$exclude</var>
			<text>[</text>
			<var>15</var>
			<text>]</text>
			<text> </text>
			<text>=</text>
			<text> </text>
			<var>{Split Police License}</var>
		</line>
		<line linenr="024" indent="">
			<var>$exclude</var>
			<text>[</text>
			<var>16</var>
			<text>]</text>
			<text> </text>
			<text>=</text>
			<text> </text>
			<var>{Paranid Police License}</var>
		</line>
		<line linenr="025" indent="">
			<var>$exclude</var>
			<text>[</text>
			<var>17</var>
			<text>]</text>
			<text> </text>
			<text>=</text>
			<text> </text>
			<var>{Teladi Company Security License}</var>
		</line>
		<line linenr="026" indent="">
			<var>$exclude</var>
			<text>[</text>
			<var>18</var>
			<text>]</text>
			<text> </text>
			<text>=</text>
			<text> </text>
			<var>{Argon Law Enforcement License}</var>
		</line>
		<line linenr="027" indent="">
			<var>$exclude</var>
			<text>[</text>
			<var>19</var>
			<text>]</text>
			<text> </text>
			<text>=</text>
			<text> </text>
			<var>{Boron Law Enforcement License}</var>
		</line>
		<line linenr="028" indent="">
			<var>$exclude</var>
			<text>[</text>
			<var>20</var>
			<text>]</text>
			<text> </text>
			<text>=</text>
			<text> </text>
			<var>{Military Personnel}</var>
		</line>
		<line linenr="029" indent="">
			<var>$exclude</var>
			<text>[</text>
			<var>21</var>
			<text>]</text>
			<text> </text>
			<text>=</text>
			<text> </text>
			<var>{Invalids}</var>
		</line>
		<line linenr="030" indent="&#160;">
			<text>if</text>
			<text> </text>
			<text>size</text>
			<text> </text>
			<text>of</text>
			<text> </text>
			<text>array</text>
			<text> </text>
			<var>$exclude.wares</var>
		</line>
		<line linenr="031" indent="" interruptable="@">
			<var>$exclude</var>
			<text> </text>
			<text>=</text>
			<text> </text>
			<var>[THIS]</var>
			<text>-&gt;</text>
			<text> </text>
			<text>call</text>
			<text> </text>
			<text>script</text>
			<text> </text>
			<call>!lib.array.join</call>
			<text> </text>
			<text>:</text>
			<text> </text>
			<text>a.arr1</text>
			<text>=</text>
			<var>$exclude</var>
			<text> </text>
			<text>a.arr2</text>
			<text>=</text>
			<var>$exclude.wares</var>
		</line>
		<line linenr="032" indent="">
			<text>end</text>
		</line>
		<line linenr="033" indent="">
			<var>$ware.select.text</var>
			<text> </text>
			<text>=</text>
			<text> </text>
			<text>read</text>
			<text> </text>
			<text>text</text>
			<text>:</text>
			<text> </text>
			<text>page</text>
			<text>=</text>
			<var>1265</var>
			<text> </text>
			<text>id</text>
			<text>=</text>
			<var>28</var>
		</line>
		<line linenr="034" indent="&#160;">
			<var>$mt.shields</var>
			<text> </text>
			<text>=</text>
			<text> </text>
			<text>get</text>
			<text> </text>
			<text>maintype</text>
			<text> </text>
			<text>of</text>
			<text> </text>
			<text>ware</text>
			<text> </text>
			<var>{1 MJ Shield}</var>
		</line>
		<line linenr="035" indent="&#160;">
			<var>$mt.weapons</var>
			<text> </text>
			<text>=</text>
			<text> </text>
			<text>get</text>
			<text> </text>
			<text>maintype</text>
			<text> </text>
			<text>of</text>
			<text> </text>
			<text>ware</text>
			<text> </text>
			<var>{Impulse Ray Emitter}</var>
		</line>
		<line linenr="036" indent="&#160;">
			<var>$mt.tech</var>
			<text> </text>
			<text>=</text>
			<text> </text>
			<text>get</text>
			<text> </text>
			<text>maintype</text>
			<text> </text>
			<text>of</text>
			<text> </text>
			<text>ware</text>
			<text> </text>
			<var>{Advanced Firewall Software}</var>
		</line>
		<line linenr="037" indent="&#160;">
			<var>$mt.food</var>
			<text> </text>
			<text>=</text>
			<text> </text>
			<text>get</text>
			<text> </text>
			<text>maintype</text>
			<text> </text>
			<text>of</text>
			<text> </text>
			<text>ware</text>
			<text> </text>
			<var>{Terran MRE}</var>
		</line>
		<line linenr="038" indent="">
			<var>$mt.bio</var>
			<text> </text>
			<text>=</text>
			<text> </text>
			<text>get</text>
			<text> </text>
			<text>maintype</text>
			<text> </text>
			<text>of</text>
			<text> </text>
			<text>ware</text>
			<text> </text>
			<var>{Water}</var>
		</line>
		<line linenr="039" indent="">
			<var>$mt.missiles</var>
			<text> </text>
			<text>=</text>
			<text> </text>
			<text>get</text>
			<text> </text>
			<text>maintype</text>
			<text> </text>
			<text>of</text>
			<text> </text>
			<text>ware</text>
			<text> </text>
			<var>{Mosquito Missile}</var>
		</line>
		<line linenr="040" indent="">
			<var>$mt.energy</var>
			<text> </text>
			<text>=</text>
			<text> </text>
			<text>get</text>
			<text> </text>
			<text>maintype</text>
			<text> </text>
			<text>of</text>
			<text> </text>
			<text>ware</text>
			<text> </text>
			<var>{Energy Cells}</var>
		</line>
		<line linenr="041" indent="">
			<var>$mt.mineral</var>
			<text> </text>
			<text>=</text>
			<text> </text>
			<text>get</text>
			<text> </text>
			<text>maintype</text>
			<text> </text>
			<text>of</text>
			<text> </text>
			<text>ware</text>
			<text> </text>
			<var>{Ore}</var>
		</line>
		<line linenr="042" indent="&#160;">
			<var>$mt.natural</var>
			<text> </text>
			<text>=</text>
			<text> </text>
			<text>get</text>
			<text> </text>
			<text>maintype</text>
			<text> </text>
			<text>of</text>
			<text> </text>
			<text>ware</text>
			<text> </text>
			<var>{Jumpdrive Components}</var>
		</line>
		<line linenr="043" indent="">
			<text>if</text>
			<text> </text>
			<var>$maintypes</var>
			<text> </text>
			<text>==</text>
			<text> </text>
			<var>null</var>
		</line>
		<line linenr="044" indent="">
			<var>$maintypes</var>
			<text> </text>
			<text>=</text>
			<text> </text>
			<text>array</text>
			<text> </text>
			<text>alloc</text>
			<text>:</text>
			<text> </text>
			<text>size</text>
			<text>=</text>
			<var>9</var>
		</line>
		<line linenr="045" indent="">
			<var>$maintypes</var>
			<text>[</text>
			<var>0</var>
			<text>]</text>
			<text> </text>
			<text>=</text>
			<text> </text>
			<var>$mt.natural</var>
		</line>
		<line linenr="046" indent="">
			<var>$maintypes</var>
			<text>[</text>
			<var>1</var>
			<text>]</text>
			<text> </text>
			<text>=</text>
			<text> </text>
			<var>$mt.tech</var>
		</line>
		<line linenr="047" indent="&#160;">
			<var>$maintypes</var>
			<text>[</text>
			<var>2</var>
			<text>]</text>
			<text> </text>
			<text>=</text>
			<text> </text>
			<var>$mt.weapons</var>
		</line>
		<line linenr="048" indent="">
			<var>$maintypes</var>
			<text>[</text>
			<var>3</var>
			<text>]</text>
			<text> </text>
			<text>=</text>
			<text> </text>
			<var>$mt.missiles</var>
		</line>
		<line linenr="049" indent="">
			<var>$maintypes</var>
			<text>[</text>
			<var>4</var>
			<text>]</text>
			<text> </text>
			<text>=</text>
			<text> </text>
			<var>$mt.shields</var>
		</line>
		<line linenr="050" indent="">
			<var>$maintypes</var>
			<text>[</text>
			<var>5</var>
			<text>]</text>
			<text> </text>
			<text>=</text>
			<text> </text>
			<var>$mt.food</var>
		</line>
		<line linenr="051" indent="">
			<var>$maintypes</var>
			<text>[</text>
			<var>6</var>
			<text>]</text>
			<text> </text>
			<text>=</text>
			<text> </text>
			<var>$mt.bio</var>
		</line>
		<line linenr="052" indent="">
			<var>$maintypes</var>
			<text>[</text>
			<var>7</var>
			<text>]</text>
			<text> </text>
			<text>=</text>
			<text> </text>
			<var>$mt.mineral</var>
		</line>
		<line linenr="053" indent="&#160;">
			<var>$maintypes</var>
			<text>[</text>
			<var>8</var>
			<text>]</text>
			<text> </text>
			<text>=</text>
			<text> </text>
			<var>$mt.energy</var>
		</line>
		<line linenr="054" indent="&#160;&#160;">
			<text>end</text>
		</line>
		<line linenr="055" indent="&#160;" />
		<line linenr="056" indent="&#160;&#160;">
			<var>$equipment.section</var>
			<text> </text>
			<text>=</text>
			<text> </text>
			<text>array</text>
			<text> </text>
			<text>alloc</text>
			<text>:</text>
			<text> </text>
			<text>size</text>
			<text>=</text>
			<var>0</var>
		</line>
		<line linenr="057" indent="&#160;">
			<var>$equipment.sort</var>
			<text> </text>
			<text>=</text>
			<text> </text>
			<text>array</text>
			<text> </text>
			<text>alloc</text>
			<text>:</text>
			<text> </text>
			<text>size</text>
			<text>=</text>
			<var>0</var>
		</line>
		<line linenr="058" indent="&#160;&#160;" />
		<line linenr="059" indent="&#160;">
			<var>$menu</var>
			<text> </text>
			<text>=</text>
			<text> </text>
			<text>create</text>
			<text> </text>
			<text>custom</text>
			<text> </text>
			<text>menu</text>
			<text> </text>
			<text>array</text>
		</line>
		<line linenr="060" indent="&#160;&#160;">
			<var>$XS.Iterator1</var>
			<text> </text>
			<text>=</text>
			<text> </text>
			<text>size</text>
			<text> </text>
			<text>of</text>
			<text> </text>
			<text>array</text>
			<text> </text>
			<var>$maintypes</var>
		</line>
		<line linenr="061" indent="&#160;">
			<text>while</text>
			<text> </text>
			<var>$XS.Iterator1</var>
		</line>
		<line linenr="062" indent="&#160;&#160;">
			<text>dec</text>
			<text> </text>
			<var>$XS.Iterator1</var>
		</line>
		<line linenr="063" indent="&#160;">
			<var>$maintype</var>
			<text> </text>
			<text>=</text>
			<text> </text>
			<var>$maintypes</var>
			<text>[</text>
			<var>$XS.Iterator1</var>
			<text>]</text>
		</line>
		<line linenr="064" indent="&#160;&#160;">
			<text>gosub</text>
			<text> </text>
			<var>get_ware_array</var>
			<text>:</text>
		</line>
		<line linenr="065" indent="&#160;">
			<text>end</text>
		</line>
		<line linenr="066" indent="&#160;&#160;" />
		<line linenr="067" indent="&#160;">
			<text>if</text>
			<text> </text>
			<text>size</text>
			<text> </text>
			<text>of</text>
			<text> </text>
			<text>array</text>
			<text> </text>
			<var>$equipment.section</var>
		</line>
		<line linenr="068" indent="&#160;&#160;">
			<var>$menu.section</var>
			<text> </text>
			<text>=</text>
			<text> </text>
			<var>$equipment.section</var>
		</line>
		<line linenr="069" indent="&#160;">
			<var>$menu.sort</var>
			<text> </text>
			<text>=</text>
			<text> </text>
			<var>$equipment.sort</var>
		</line>
		<line linenr="070" indent="&#160;&#160;">
			<var>$section.header.text</var>
			<text> </text>
			<text>=</text>
			<text> </text>
			<text>read</text>
			<text> </text>
			<text>text</text>
			<text>:</text>
			<text> </text>
			<text>page</text>
			<text>=</text>
			<var>35</var>
			<text> </text>
			<text>id</text>
			<text>=</text>
			<var>792</var>
		</line>
		<line linenr="071" indent="&#160;">
			<text>gosub</text>
			<text> </text>
			<var>add_menu_section</var>
			<text>:</text>
		</line>
		<line linenr="072" indent="&#160;">
			<text>end</text>
		</line>
		<line linenr="073" indent="&#160;" />
		<line linenr="074" indent="&#160;" interruptable="@">
			<var>$handle</var>
			<text> </text>
			<text>=</text>
			<text> </text>
			<var>[THIS]</var>
			<text>-&gt;</text>
			<text> </text>
			<text>call</text>
			<text> </text>
			<text>script</text>
			<text> </text>
			<call>lib.zanzal.createmenu</call>
			<text> </text>
			<text>:</text>
			<text> </text>
			<text>title</text>
			<text>=</text>
			<var>$ware.select.text</var>
			<text> </text>
			<text>heading</text>
			<text>=</text>
			<var>null</var>
			<text> </text>
			<text>menu.items</text>
			<text>=</text>
			<var>$menu</var>
			<text> </text>
			<text>large.menu</text>
			<text>=</text>
			<var>[FALSE]</var>
		</line>
		<line linenr="075" indent="&#160;" interruptable="@">
			<text>while</text>
			<text> </text>
			<var>[THIS]</var>
			<text>-&gt;</text>
			<text> </text>
			<text>call</text>
			<text> </text>
			<text>script</text>
			<text> </text>
			<call>lib.zanzal.ismenuopen</call>
			<text> </text>
			<text>:</text>
			<text> </text>
			<text>handle</text>
			<text>=</text>
			<var>$handle</var>
		</line>
		<line linenr="076" indent="&#160;">
			<comment>* Dynamic menu updates here.</comment>
		</line>
		<line linenr="077" indent="&#160;">
			<text>end</text>
		</line>
		<line linenr="078" indent="&#160;&#160;" />
		<line linenr="079" indent="&#160;&#160;">
			<var>$result</var>
			<text> </text>
			<text>=</text>
			<text> </text>
			<var>$handle</var>
			<text>[</text>
			<var>0</var>
			<text>]</text>
		</line>
		<line linenr="080" indent="&#160;&#160;">
			<text>if</text>
			<text> </text>
			<text>size</text>
			<text> </text>
			<text>of</text>
			<text> </text>
			<text>array</text>
			<text> </text>
			<var>$result</var>
		</line>
		<line linenr="081" indent="&#160;&#160;&#160;">
			<var>$result</var>
			<text> </text>
			<text>=</text>
			<text> </text>
			<text>clone</text>
			<text> </text>
			<text>array</text>
			<text> </text>
			<var>$result</var>
			<text> </text>
			<text>:</text>
			<text> </text>
			<text>index</text>
			<text> </text>
			<var>null</var>
			<text> </text>
			<text>...</text>
			<text> </text>
			<var>null</var>
		</line>
		<line linenr="082" indent="&#160;&#160;&#160;&#160;">
			<text>end</text>
		</line>
		<line linenr="083" indent="&#160;&#160;&#160;&#160;&#160;" />
		<line linenr="084" indent="&#160;&#160;&#160;&#160;&#160;">
			<text>return</text>
			<text> </text>
			<var>$result</var>
		</line>
		<line linenr="085" indent="&#160;&#160;&#160;&#160;&#160;&#160;" />
		<line linenr="086" indent="&#160;&#160;&#160;&#160;&#160;&#160;&#160;">
			<var>get_ware_array</var>
			<text>:</text>
		</line>
		<line linenr="087" indent="&#160;&#160;&#160;&#160;&#160;&#160;&#160;">
			<text>if</text>
			<text> </text>
			<var>$maintype</var>
			<text> </text>
			<text>==</text>
			<text> </text>
			<var>$mt.shields</var>
		</line>
		<line linenr="088" indent="&#160;&#160;&#160;&#160;&#160;&#160;&#160;&#160;">
			<var>$section.header.text</var>
			<text> </text>
			<text>=</text>
			<text> </text>
			<text>read</text>
			<text> </text>
			<text>text</text>
			<text>:</text>
			<text> </text>
			<text>page</text>
			<text>=</text>
			<var>54</var>
			<text> </text>
			<text>id</text>
			<text>=</text>
			<var>13</var>
		</line>
		<line linenr="089" indent="&#160;&#160;&#160;&#160;&#160;&#160;&#160;&#160;&#160;">
			<text>else</text>
			<text> </text>
			<text>if</text>
			<text> </text>
			<var>$maintype</var>
			<text> </text>
			<text>==</text>
			<text> </text>
			<var>$mt.weapons</var>
		</line>
		<line linenr="090" indent="&#160;&#160;&#160;&#160;&#160;&#160;&#160;&#160;&#160;&#160;">
			<var>$section.header.text</var>
			<text> </text>
			<text>=</text>
			<text> </text>
			<text>read</text>
			<text> </text>
			<text>text</text>
			<text>:</text>
			<text> </text>
			<text>page</text>
			<text>=</text>
			<var>54</var>
			<text> </text>
			<text>id</text>
			<text>=</text>
			<var>11</var>
		</line>
		<line linenr="091" indent="&#160;&#160;&#160;&#160;&#160;&#160;&#160;&#160;&#160;">
			<text>else</text>
			<text> </text>
			<text>if</text>
			<text> </text>
			<var>$maintype</var>
			<text> </text>
			<text>==</text>
			<text> </text>
			<var>$mt.natural</var>
		</line>
		<line linenr="092" indent="&#160;&#160;&#160;&#160;&#160;&#160;&#160;&#160;&#160;&#160;">
			<var>$section.header.text</var>
			<text> </text>
			<text>=</text>
			<text> </text>
			<text>read</text>
			<text> </text>
			<text>text</text>
			<text>:</text>
			<text> </text>
			<text>page</text>
			<text>=</text>
			<var>54</var>
			<text> </text>
			<text>id</text>
			<text>=</text>
			<var>10</var>
		</line>
		<line linenr="093" indent="&#160;&#160;&#160;&#160;&#160;&#160;&#160;&#160;&#160;">
			<text>else</text>
			<text> </text>
			<text>if</text>
			<text> </text>
			<var>$maintype</var>
			<text> </text>
			<text>==</text>
			<text> </text>
			<var>$mt.mineral</var>
		</line>
		<line linenr="094" indent="&#160;&#160;&#160;&#160;&#160;&#160;&#160;&#160;&#160;">
			<var>$section.header.text</var>
			<text> </text>
			<text>=</text>
			<text> </text>
			<text>read</text>
			<text> </text>
			<text>text</text>
			<text>:</text>
			<text> </text>
			<text>page</text>
			<text>=</text>
			<var>54</var>
			<text> </text>
			<text>id</text>
			<text>=</text>
			<var>15</var>
		</line>
		<line linenr="095" indent="&#160;&#160;&#160;&#160;&#160;&#160;&#160;&#160;">
			<text>else</text>
			<text> </text>
			<text>if</text>
			<text> </text>
			<var>$maintype</var>
			<text> </text>
			<text>==</text>
			<text> </text>
			<var>$mt.bio</var>
		</line>
		<line linenr="096" indent="&#160;&#160;&#160;&#160;&#160;&#160;&#160;">
			<var>$section.header.text</var>
			<text> </text>
			<text>=</text>
			<text> </text>
			<text>read</text>
			<text> </text>
			<text>text</text>
			<text>:</text>
			<text> </text>
			<text>page</text>
			<text>=</text>
			<var>54</var>
			<text> </text>
			<text>id</text>
			<text>=</text>
			<var>8</var>
		</line>
		<line linenr="097" indent="&#160;&#160;&#160;&#160;&#160;&#160;&#160;&#160;">
			<text>else</text>
			<text> </text>
			<text>if</text>
			<text> </text>
			<var>$maintype</var>
			<text> </text>
			<text>==</text>
			<text> </text>
			<var>$mt.energy</var>
		</line>
		<line linenr="098" indent="&#160;&#160;&#160;&#160;&#160;&#160;&#160;&#160;&#160;">
			<var>$section.header.text</var>
			<text> </text>
			<text>=</text>
			<text> </text>
			<text>read</text>
			<text> </text>
			<text>text</text>
			<text>:</text>
			<text> </text>
			<text>page</text>
			<text>=</text>
			<var>54</var>
			<text> </text>
			<text>id</text>
			<text>=</text>
			<var>14</var>
		</line>
		<line linenr="099" indent="&#160;&#160;&#160;&#160;&#160;&#160;&#160;&#160;">
			<text>else</text>
			<text> </text>
			<text>if</text>
			<text> </text>
			<var>$maintype</var>
			<text> </text>
			<text>==</text>
			<text> </text>
			<var>$mt.food</var>
		</line>
		<line linenr="100" indent="&#160;&#160;&#160;&#160;&#160;&#160;&#160;&#160;&#160;">
			<var>$section.header.text</var>
			<text> </text>
			<text>=</text>
			<text> </text>
			<text>read</text>
			<text> </text>
			<text>text</text>
			<text>:</text>
			<text> </text>
			<text>page</text>
			<text>=</text>
			<var>54</var>
			<text> </text>
			<text>id</text>
			<text>=</text>
			<var>9</var>
		</line>
		<line linenr="101" indent="&#160;&#160;&#160;&#160;&#160;&#160;&#160;&#160;">
			<text>else</text>
			<text> </text>
			<text>if</text>
			<text> </text>
			<var>$maintype</var>
			<text> </text>
			<text>==</text>
			<text> </text>
			<var>$mt.tech</var>
		</line>
		<line linenr="102" indent="&#160;&#160;&#160;&#160;&#160;&#160;&#160;&#160;">
			<var>$section.header.text</var>
			<text> </text>
			<text>=</text>
			<text> </text>
			<text>read</text>
			<text> </text>
			<text>text</text>
			<text>:</text>
			<text> </text>
			<text>page</text>
			<text>=</text>
			<var>54</var>
			<text> </text>
			<text>id</text>
			<text>=</text>
			<var>16</var>
		</line>
		<line linenr="103" indent="&#160;&#160;&#160;&#160;&#160;&#160;&#160;">
			<text>else</text>
			<text> </text>
			<text>if</text>
			<text> </text>
			<var>$maintype</var>
			<text> </text>
			<text>==</text>
			<text> </text>
			<var>$mt.missiles</var>
		</line>
		<line linenr="104" indent="&#160;&#160;&#160;&#160;&#160;&#160;">
			<var>$section.header.text</var>
			<text> </text>
			<text>=</text>
			<text> </text>
			<text>read</text>
			<text> </text>
			<text>text</text>
			<text>:</text>
			<text> </text>
			<text>page</text>
			<text>=</text>
			<var>54</var>
			<text> </text>
			<text>id</text>
			<text>=</text>
			<var>12</var>
		</line>
		<line linenr="105" indent="&#160;&#160;&#160;&#160;&#160;">
			<text>end</text>
		</line>
		<line linenr="106" indent="&#160;&#160;&#160;&#160;" />
		<line linenr="107" indent="&#160;&#160;&#160;">
			<var>$subtypes</var>
			<text> </text>
			<text>=</text>
			<text> </text>
			<text>get</text>
			<text> </text>
			<text>number</text>
			<text> </text>
			<text>of</text>
			<text> </text>
			<text>subtypes</text>
			<text> </text>
			<text>of</text>
			<text> </text>
			<text>maintype</text>
			<text> </text>
			<var>$maintype</var>
		</line>
		<line linenr="108" indent="&#160;&#160;">
			<var>$subtype</var>
			<text> </text>
			<text>=</text>
			<text> </text>
			<var>0</var>
		</line>
		<line linenr="109" indent="&#160;&#160;">
			<var>$menu.section</var>
			<text> </text>
			<text>=</text>
			<text> </text>
			<text>array</text>
			<text> </text>
			<text>alloc</text>
			<text>:</text>
			<text> </text>
			<text>size</text>
			<text>=</text>
			<var>0</var>
		</line>
		<line linenr="110" indent="&#160;">
			<var>$menu.sort</var>
			<text> </text>
			<text>=</text>
			<text> </text>
			<text>array</text>
			<text> </text>
			<text>alloc</text>
			<text>:</text>
			<text> </text>
			<text>size</text>
			<text>=</text>
			<var>0</var>
		</line>
		<line linenr="111" indent="&#160;">
			<text>while</text>
			<text> </text>
			<var>$subtype</var>
			<text> </text>
			<text>&lt;</text>
			<text> </text>
			<var>$subtypes</var>
		</line>
		<line linenr="112" indent="&#160;">
			<var>$ware.item</var>
			<text> </text>
			<text>=</text>
			<text> </text>
			<text>get</text>
			<text> </text>
			<text>ware</text>
			<text> </text>
			<text>from</text>
			<text> </text>
			<text>maintype</text>
			<text> </text>
			<var>$maintype</var>
			<text> </text>
			<text>and</text>
			<text> </text>
			<text>subtype</text>
			<text> </text>
			<var>$subtype</var>
		</line>
		<line linenr="113" indent="&#160;&#160;">
			<var>$free.count</var>
			<text> </text>
			<text>=</text>
			<text> </text>
			<var>$refobj</var>
			<text> </text>
			<text>-&gt;</text>
			<text> </text>
			<text>get</text>
			<text> </text>
			<text>free</text>
			<text> </text>
			<text>amount</text>
			<text> </text>
			<text>of</text>
			<text> </text>
			<text>ware</text>
			<text> </text>
			<var>$ware.item</var>
			<text> </text>
			<text>in</text>
			<text> </text>
			<text>cargo</text>
			<text> </text>
			<text>bay</text>
		</line>
		<line linenr="114" indent="&#160;">
			<text>if</text>
			<text> </text>
			<var>$ware.item</var>
			<text>-&gt;</text>
			<text> </text>
			<text>is</text>
			<text> </text>
			<text>known</text>
		</line>
		<line linenr="115" indent="">
			<text>if</text>
			<text> </text>
			<var>$free.count</var>
			<text> </text>
			<text>&gt;</text>
			<text> </text>
			<var>0</var>
		</line>
		<line linenr="116" indent="">
			<text>if</text>
			<text> </text>
			<text>not</text>
			<text> </text>
			<text>find</text>
			<text> </text>
			<var>$ware.item</var>
			<text> </text>
			<text>in</text>
			<text> </text>
			<text>array</text>
			<text>:</text>
			<text> </text>
			<var>$exclude</var>
		</line>
		<line linenr="117" indent="">
			<var>$ware.text</var>
			<text> </text>
			<text>=</text>
			<text> </text>
			<text>sprintf</text>
			<text>:</text>
			<text> </text>
			<text>fmt</text>
			<text>=</text>
			<text>'%s'</text>
			<text>,</text>
			<text> </text>
			<var>$ware.item</var>
			<text>,</text>
			<text> </text>
			<var>null</var>
			<text>,</text>
			<text> </text>
			<var>null</var>
			<text>,</text>
			<text> </text>
			<var>null</var>
			<text>,</text>
			<text> </text>
			<var>null</var>
		</line>
		<line linenr="118" indent="&#160;">
			<text>if</text>
			<text> </text>
			<var>$ware.text</var>
			<text> </text>
			<text>!=</text>
			<text> </text>
			<text>''</text>
		</line>
		<line linenr="119" indent="&#160;&#160;">
			<text>if</text>
			<text> </text>
			<text>not</text>
			<text> </text>
			<text>match</text>
			<text> </text>
			<text>regular</text>
			<text> </text>
			<text>expression</text>
			<text>:</text>
			<text> </text>
			<text>'.*[_*].*'</text>
			<text> </text>
			<text>to</text>
			<text> </text>
			<text>string</text>
			<text> </text>
			<var>$ware.text</var>
		</line>
		<line linenr="120" indent="&#160;">
			<var>$current</var>
			<text> </text>
			<text>=</text>
			<text> </text>
			<var>$refobj</var>
			<text> </text>
			<text>-&gt;</text>
			<text> </text>
			<text>get</text>
			<text> </text>
			<text>amount</text>
			<text> </text>
			<text>of</text>
			<text> </text>
			<text>ware</text>
			<text> </text>
			<var>$ware.item</var>
			<text> </text>
			<text>in</text>
			<text> </text>
			<text>cargo</text>
			<text> </text>
			<text>bay</text>
		</line>
		<line linenr="121" indent="&#160;">
			<text>if</text>
			<text> </text>
			<text>is</text>
			<text> </text>
			<text>equipment</text>
			<text>:</text>
			<text> </text>
			<text>ware</text>
			<text>=</text>
			<var>$ware.item</var>
		</line>
		<line linenr="122" indent="&#160;">
			<text>if</text>
			<text> </text>
			<var>$current</var>
			<text> </text>
			<text>==</text>
			<text> </text>
			<var>0</var>
		</line>
		<line linenr="123" indent="&#160;">
			<text>if</text>
			<text> </text>
			<var>$use.trade.bar</var>
		</line>
		<line linenr="124" indent="&#160;">
			<text>add</text>
			<text> </text>
			<text>trade</text>
			<text> </text>
			<text>bar</text>
			<text> </text>
			<text>to</text>
			<text> </text>
			<text>menu</text>
			<text>:</text>
			<text> </text>
			<var>$equipment.section</var>
			<text>,</text>
			<text> </text>
			<text>text</text>
			<text>=</text>
			<var>$ware.text</var>
			<text>,</text>
			<text> </text>
			<text>min</text>
			<text>=</text>
			<var>0</var>
			<text>,</text>
			<text> </text>
			<text>max</text>
			<text>=</text>
			<var>$free.count</var>
			<text>,</text>
			<text> </text>
			<text>current</text>
			<text>=</text>
			<var>$current</var>
			<text>,</text>
			<text> </text>
			<text>return</text>
			<text> </text>
			<text>value</text>
			<text>=</text>
			<var>$ware.item</var>
			<text>,</text>
			<text> </text>
			<text>left</text>
			<text> </text>
			<text>text</text>
			<text>=</text>
			<var>$tb.from.name</var>
			<text>,</text>
			<text> </text>
			<text>right</text>
			<text> </text>
			<text>text</text>
			<text>=</text>
			<var>$tb.to.name</var>
		</line>
		<line linenr="125" indent="&#160;">
			<text>else</text>
		</line>
		<line linenr="126" indent="&#160;&#160;">
			<text>add</text>
			<text> </text>
			<text>custom</text>
			<text> </text>
			<text>menu</text>
			<text> </text>
			<text>item</text>
			<text> </text>
			<text>to</text>
			<text> </text>
			<text>array</text>
			<text> </text>
			<var>$equipment.section</var>
			<text>:</text>
			<text> </text>
			<text>text</text>
			<text>=</text>
			<var>$ware.text</var>
			<text> </text>
			<text>returnvalue</text>
			<text>=</text>
			<var>$ware.item</var>
		</line>
		<line linenr="127" indent="&#160;&#160;">
			<text>end</text>
		</line>
		<line linenr="128" indent="&#160;&#160;">
			<text>append</text>
			<text> </text>
			<var>$ware.text</var>
			<text> </text>
			<text>to</text>
			<text> </text>
			<text>array</text>
			<text> </text>
			<var>$equipment.sort</var>
		</line>
		<line linenr="129" indent="&#160;">
			<text>end</text>
		</line>
		<line linenr="130" indent="">
			<text>else</text>
		</line>
		<line linenr="131" indent="">
			<text>if</text>
			<text> </text>
			<var>$use.trade.bar</var>
		</line>
		<line linenr="132" indent="">
			<text>add</text>
			<text> </text>
			<text>trade</text>
			<text> </text>
			<text>bar</text>
			<text> </text>
			<text>to</text>
			<text> </text>
			<text>menu</text>
			<text>:</text>
			<text> </text>
			<var>$menu.section</var>
			<text>,</text>
			<text> </text>
			<text>text</text>
			<text>=</text>
			<var>$ware.text</var>
			<text>,</text>
			<text> </text>
			<text>min</text>
			<text>=</text>
			<var>0</var>
			<text>,</text>
			<text> </text>
			<text>max</text>
			<text>=</text>
			<var>$free.count</var>
			<text>,</text>
			<text> </text>
			<text>current</text>
			<text>=</text>
			<var>$current</var>
			<text>,</text>
			<text> </text>
			<text>return</text>
			<text> </text>
			<text>value</text>
			<text>=</text>
			<var>$ware.item</var>
			<text>,</text>
			<text> </text>
			<text>left</text>
			<text> </text>
			<text>text</text>
			<text>=</text>
			<var>$tb.from.name</var>
			<text>,</text>
			<text> </text>
			<text>right</text>
			<text> </text>
			<text>text</text>
			<text>=</text>
			<var>$tb.to.name</var>
		</line>
		<line linenr="133" indent="&#160;">
			<text>else</text>
		</line>
		<line linenr="134" indent="&#160;">
			<text>add</text>
			<text> </text>
			<text>custom</text>
			<text> </text>
			<text>menu</text>
			<text> </text>
			<text>item</text>
			<text> </text>
			<text>to</text>
			<text> </text>
			<text>array</text>
			<text> </text>
			<var>$menu.section</var>
			<text>:</text>
			<text> </text>
			<text>text</text>
			<text>=</text>
			<var>$ware.text</var>
			<text> </text>
			<text>returnvalue</text>
			<text>=</text>
			<var>$ware.item</var>
		</line>
		<line linenr="135" indent="&#160;">
			<text>end</text>
		</line>
		<line linenr="136" indent="">
			<text>append</text>
			<text> </text>
			<var>$ware.text</var>
			<text> </text>
			<text>to</text>
			<text> </text>
			<text>array</text>
			<text> </text>
			<var>$menu.sort</var>
		</line>
		<line linenr="137" indent="">
			<text>end</text>
		</line>
		<line linenr="138" indent="">
			<text>end</text>
		</line>
		<line linenr="139" indent="">
			<text>end</text>
		</line>
		<line linenr="140" indent="">
			<text>end</text>
		</line>
		<line linenr="141" indent="">
			<text>end</text>
		</line>
		<line linenr="142" indent="">
			<text>end</text>
		</line>
		<line linenr="143" indent="">
			<text>inc</text>
			<text> </text>
			<var>$subtype</var>
		</line>
		<line linenr="144" indent="">
			<text>end</text>
		</line>
		<line linenr="145" indent="" />
		<line linenr="146" indent="">
			<text>if</text>
			<text> </text>
			<text>size</text>
			<text> </text>
			<text>of</text>
			<text> </text>
			<text>array</text>
			<text> </text>
			<var>$menu.section</var>
		</line>
		<line linenr="147" indent="">
			<text>gosub</text>
			<text> </text>
			<var>add_menu_section</var>
			<text>:</text>
		</line>
		<line linenr="148" indent="">
			<text>end</text>
		</line>
		<line linenr="149" indent="">
			<text>endsub</text>
		</line>
		<line linenr="150" indent="" />
		<line linenr="151" indent="">
			<var>add_menu_section</var>
			<text>:</text>
		</line>
		<line linenr="152" indent="">
			<text>if</text>
			<text> </text>
			<text>size</text>
			<text> </text>
			<text>of</text>
			<text> </text>
			<text>array</text>
			<text> </text>
			<var>$menu</var>
		</line>
		<line linenr="153" indent="">
			<text>add</text>
			<text> </text>
			<text>section</text>
			<text> </text>
			<text>to</text>
			<text> </text>
			<text>custom</text>
			<text> </text>
			<text>menu</text>
			<text>:</text>
			<text> </text>
			<var>$menu</var>
		</line>
		<line linenr="154" indent="">
			<text>end</text>
		</line>
		<line linenr="155" indent="">
			<var>$menu.section</var>
			<text> </text>
			<text>=</text>
			<text> </text>
			<text>sort</text>
			<text> </text>
			<text>array</text>
			<text>:</text>
			<text> </text>
			<text>data</text>
			<text>=</text>
			<var>$menu.section</var>
			<text> </text>
			<text>sort</text>
			<text> </text>
			<text>values</text>
			<text>=</text>
			<var>$menu.sort</var>
		</line>
		<line linenr="156" indent="">
			<text>add</text>
			<text> </text>
			<text>custom</text>
			<text> </text>
			<text>menu</text>
			<text> </text>
			<text>heading</text>
			<text> </text>
			<text>to</text>
			<text> </text>
			<text>array</text>
			<text> </text>
			<var>$menu</var>
			<text>:</text>
			<text> </text>
			<text>title</text>
			<text>=</text>
			<var>$section.header.text</var>
		</line>
		<line linenr="157" indent="">
			<var>$idx</var>
			<text> </text>
			<text>=</text>
			<text> </text>
			<var>0</var>
		</line>
		<line linenr="158" indent="">
			<var>$cnt</var>
			<text> </text>
			<text>=</text>
			<text> </text>
			<text>size</text>
			<text> </text>
			<text>of</text>
			<text> </text>
			<text>array</text>
			<text> </text>
			<var>$menu.section</var>
		</line>
		<line linenr="159" indent="">
			<text>while</text>
			<text> </text>
			<var>$idx</var>
			<text> </text>
			<text>&lt;</text>
			<text> </text>
			<var>$cnt</var>
		</line>
		<line linenr="160" indent="">
			<var>$menu.item</var>
			<text> </text>
			<text>=</text>
			<text> </text>
			<var>$menu.section</var>
			<text>[</text>
			<var>$idx</var>
			<text>]</text>
		</line>
		<line linenr="161" indent="">
			<text>append</text>
			<text> </text>
			<var>$menu.item</var>
			<text> </text>
			<text>to</text>
			<text> </text>
			<text>array</text>
			<text> </text>
			<var>$menu</var>
		</line>
		<line linenr="162" indent="">
			<text>inc</text>
			<text> </text>
			<var>$idx</var>
		</line>
		<line linenr="163" indent="">
			<text>end</text>
		</line>
		<line linenr="164" indent="">
			<text>endsub</text>
		</line>
		<line linenr="165" indent="" />
		<line linenr="166" indent="">
			<var>show_debug</var>
			<text>:</text>
		</line>
		<line linenr="167" indent="">
			<var>$debug.text</var>
			<text> </text>
			<text>=</text>
			<text> </text>
			<text>sprintf</text>
			<text>:</text>
			<text> </text>
			<text>fmt</text>
			<text>=</text>
			<text>'%s'</text>
			<text>,</text>
			<text> </text>
			<var>$debug</var>
			<text>,</text>
			<text> </text>
			<var>null</var>
			<text>,</text>
			<text> </text>
			<var>null</var>
			<text>,</text>
			<text> </text>
			<var>null</var>
			<text>,</text>
			<text> </text>
			<var>null</var>
		</line>
		<line linenr="168" indent="">
			<text>display</text>
			<text> </text>
			<text>subtitle</text>
			<text> </text>
			<text>text</text>
			<text>:</text>
			<text> </text>
			<text>text</text>
			<text>=</text>
			<var>$debug.text</var>
			<text> </text>
			<text>duration</text>
			<text>=</text>
			<var>10000</var>
			<text> </text>
			<text>ms</text>
		</line>
		<line linenr="169" indent="" interruptable="@">
			<text>=</text>
			<text> </text>
			<text>wait</text>
			<text> </text>
			<var>10000</var>
			<text> </text>
			<text>ms</text>
		</line>
		<line linenr="170" indent="">
			<text>endsub</text>
		</line>
	</sourcetext>
	<codearray>
		<sval type="array" size="10">
			<sval type="string" val="plugin.zanzal.selectwaretobuy" />
			<sval type="int" val="50" />
			<sval type="string" val="" />
			<sval type="int" val="1" />
			<sval type="int" val="0" />
			<sval type="array" size="38">
				<sval type="string" val="refobj" />
				<sval type="string" val="maintypes" />
				<sval type="string" val="exclude.wares" />
				<sval type="string" val="use.trade.bar" />
				<sval type="string" val="tb.from.name" />
				<sval type="string" val="tb.to.name" />
				<sval type="string" val="exclude" />
				<sval type="string" val="ware.select.text" />
				<sval type="string" val="mt.shields" />
				<sval type="string" val="mt.weapons" />
				<sval type="string" val="mt.tech" />
				<sval type="string" val="mt.food" />
				<sval type="string" val="mt.bio" />
				<sval type="string" val="mt.missiles" />
				<sval type="string" val="mt.energy" />
				<sval type="string" val="mt.mineral" />
				<sval type="string" val="mt.natural" />
				<sval type="string" val="equipment.section" />
				<sval type="string" val="equipment.sort" />
				<sval type="string" val="menu" />
				<sval type="string" val="maintype" />
				<sval type="string" val="XS.Iterator1" />
				<sval type="string" val="menu.section" />
				<sval type="string" val="menu.sort" />
				<sval type="string" val="section.header.text" />
				<sval type="string" val="handle" />
				<sval type="string" val="result" />
				<sval type="string" val="subtypes" />
				<sval type="string" val="subtype" />
				<sval type="string" val="ware.item" />
				<sval type="string" val="free.count" />
				<sval type="string" val="ware.text" />
				<sval type="string" val="current" />
				<sval type="string" val="idx" />
				<sval type="string" val="cnt" />
				<sval type="string" val="menu.item" />
				<sval type="string" val="debug.text" />
				<sval type="string" val="debug" />
			</sval>
			<sval type="array" size="144">
				<sval type="array" size="4">
					<sval type="int" val="128" />
					<sval type="int" val="6" />
					<sval type="int" val="4" />
					<sval type="int" val="22" />
				</sval>
				<sval type="array" size="7">
					<sval type="int" val="130" />
					<sval type="int" val="131074" />
					<sval type="int" val="6" />
					<sval type="int" val="4" />
					<sval type="int" val="0" />
					<sval type="int" val="9" />
					<sval type="int" val="1048683" />
				</sval>
				<sval type="array" size="7">
					<sval type="int" val="130" />
					<sval type="int" val="131074" />
					<sval type="int" val="6" />
					<sval type="int" val="4" />
					<sval type="int" val="1" />
					<sval type="int" val="9" />
					<sval type="int" val="1048682" />
				</sval>
				<sval type="array" size="7">
					<sval type="int" val="130" />
					<sval type="int" val="131074" />
					<sval type="int" val="6" />
					<sval type="int" val="4" />
					<sval type="int" val="2" />
					<sval type="int" val="9" />
					<sval type="int" val="1048655" />
				</sval>
				<sval type="array" size="7">
					<sval type="int" val="130" />
					<sval type="int" val="131074" />
					<sval type="int" val="6" />
					<sval type="int" val="4" />
					<sval type="int" val="3" />
					<sval type="int" val="9" />
					<sval type="int" val="1048687" />
				</sval>
				<sval type="array" size="7">
					<sval type="int" val="130" />
					<sval type="int" val="131074" />
					<sval type="int" val="6" />
					<sval type="int" val="4" />
					<sval type="int" val="4" />
					<sval type="int" val="9" />
					<sval type="int" val="1048607" />
				</sval>
				<sval type="array" size="7">
					<sval type="int" val="130" />
					<sval type="int" val="131074" />
					<sval type="int" val="6" />
					<sval type="int" val="4" />
					<sval type="int" val="5" />
					<sval type="int" val="9" />
					<sval type="int" val="786536" />
				</sval>
				<sval type="array" size="7">
					<sval type="int" val="130" />
					<sval type="int" val="131074" />
					<sval type="int" val="6" />
					<sval type="int" val="4" />
					<sval type="int" val="6" />
					<sval type="int" val="9" />
					<sval type="int" val="786535" />
				</sval>
				<sval type="array" size="7">
					<sval type="int" val="130" />
					<sval type="int" val="131074" />
					<sval type="int" val="6" />
					<sval type="int" val="4" />
					<sval type="int" val="7" />
					<sval type="int" val="9" />
					<sval type="int" val="786498" />
				</sval>
				<sval type="array" size="7">
					<sval type="int" val="130" />
					<sval type="int" val="131074" />
					<sval type="int" val="6" />
					<sval type="int" val="4" />
					<sval type="int" val="8" />
					<sval type="int" val="9" />
					<sval type="int" val="786444" />
				</sval>
				<sval type="array" size="7">
					<sval type="int" val="130" />
					<sval type="int" val="131074" />
					<sval type="int" val="6" />
					<sval type="int" val="4" />
					<sval type="int" val="9" />
					<sval type="int" val="9" />
					<sval type="int" val="786534" />
				</sval>
				<sval type="array" size="7">
					<sval type="int" val="130" />
					<sval type="int" val="131074" />
					<sval type="int" val="6" />
					<sval type="int" val="4" />
					<sval type="int" val="10" />
					<sval type="int" val="9" />
					<sval type="int" val="786455" />
				</sval>
				<sval type="array" size="7">
					<sval type="int" val="130" />
					<sval type="int" val="131074" />
					<sval type="int" val="6" />
					<sval type="int" val="4" />
					<sval type="int" val="11" />
					<sval type="int" val="9" />
					<sval type="int" val="786454" />
				</sval>
				<sval type="array" size="7">
					<sval type="int" val="130" />
					<sval type="int" val="131074" />
					<sval type="int" val="6" />
					<sval type="int" val="4" />
					<sval type="int" val="12" />
					<sval type="int" val="9" />
					<sval type="int" val="786497" />
				</sval>
				<sval type="array" size="7">
					<sval type="int" val="130" />
					<sval type="int" val="131074" />
					<sval type="int" val="6" />
					<sval type="int" val="4" />
					<sval type="int" val="13" />
					<sval type="int" val="9" />
					<sval type="int" val="786500" />
				</sval>
				<sval type="array" size="7">
					<sval type="int" val="130" />
					<sval type="int" val="131074" />
					<sval type="int" val="6" />
					<sval type="int" val="4" />
					<sval type="int" val="14" />
					<sval type="int" val="9" />
					<sval type="int" val="1048587" />
				</sval>
				<sval type="array" size="7">
					<sval type="int" val="130" />
					<sval type="int" val="131074" />
					<sval type="int" val="6" />
					<sval type="int" val="4" />
					<sval type="int" val="15" />
					<sval type="int" val="9" />
					<sval type="int" val="1048604" />
				</sval>
				<sval type="array" size="7">
					<sval type="int" val="130" />
					<sval type="int" val="131074" />
					<sval type="int" val="6" />
					<sval type="int" val="4" />
					<sval type="int" val="16" />
					<sval type="int" val="9" />
					<sval type="int" val="1048605" />
				</sval>
				<sval type="array" size="7">
					<sval type="int" val="130" />
					<sval type="int" val="131074" />
					<sval type="int" val="6" />
					<sval type="int" val="4" />
					<sval type="int" val="17" />
					<sval type="int" val="9" />
					<sval type="int" val="1048606" />
				</sval>
				<sval type="array" size="7">
					<sval type="int" val="130" />
					<sval type="int" val="131074" />
					<sval type="int" val="6" />
					<sval type="int" val="4" />
					<sval type="int" val="18" />
					<sval type="int" val="9" />
					<sval type="int" val="1048602" />
				</sval>
				<sval type="array" size="7">
					<sval type="int" val="130" />
					<sval type="int" val="131074" />
					<sval type="int" val="6" />
					<sval type="int" val="4" />
					<sval type="int" val="19" />
					<sval type="int" val="9" />
					<sval type="int" val="1048603" />
				</sval>
				<sval type="array" size="7">
					<sval type="int" val="130" />
					<sval type="int" val="131074" />
					<sval type="int" val="6" />
					<sval type="int" val="4" />
					<sval type="int" val="20" />
					<sval type="int" val="9" />
					<sval type="int" val="786453" />
				</sval>
				<sval type="array" size="7">
					<sval type="int" val="130" />
					<sval type="int" val="131074" />
					<sval type="int" val="6" />
					<sval type="int" val="4" />
					<sval type="int" val="21" />
					<sval type="int" val="9" />
					<sval type="int" val="786488" />
				</sval>
				<sval type="array" size="4">
					<sval type="int" val="131" />
					<sval type="int" val="-1610606333" />
					<sval type="int" val="131074" />
					<sval type="int" val="2" />
				</sval>
				<sval type="array" size="10">
					<sval type="int" val="102" />
					<sval type="string" val="!lib.array.join" />
					<sval type="int" val="6" />
					<sval type="int" val="131075" />
					<sval type="int" val="1" />
					<sval type="int" val="2" />
					<sval type="int" val="131074" />
					<sval type="int" val="6" />
					<sval type="int" val="131074" />
					<sval type="int" val="2" />
				</sval>
				<sval type="array" size="6">
					<sval type="int" val="126" />
					<sval type="int" val="7" />
					<sval type="int" val="4" />
					<sval type="int" val="1265" />
					<sval type="int" val="4" />
					<sval type="int" val="28" />
				</sval>
				<sval type="array" size="4">
					<sval type="int" val="655" />
					<sval type="int" val="8" />
					<sval type="int" val="9" />
					<sval type="int" val="589824" />
				</sval>
				<sval type="array" size="4">
					<sval type="int" val="655" />
					<sval type="int" val="9" />
					<sval type="int" val="9" />
					<sval type="int" val="524288" />
				</sval>
				<sval type="array" size="4">
					<sval type="int" val="655" />
					<sval type="int" val="10" />
					<sval type="int" val="9" />
					<sval type="int" val="1048678" />
				</sval>
				<sval type="array" size="4">
					<sval type="int" val="655" />
					<sval type="int" val="11" />
					<sval type="int" val="9" />
					<sval type="int" val="917515" />
				</sval>
				<sval type="array" size="4">
					<sval type="int" val="655" />
					<sval type="int" val="12" />
					<sval type="int" val="9" />
					<sval type="int" val="851983" />
				</sval>
				<sval type="array" size="4">
					<sval type="int" val="655" />
					<sval type="int" val="13" />
					<sval type="int" val="9" />
					<sval type="int" val="655360" />
				</sval>
				<sval type="array" size="4">
					<sval type="int" val="655" />
					<sval type="int" val="14" />
					<sval type="int" val="9" />
					<sval type="int" val="720896" />
				</sval>
				<sval type="array" size="4">
					<sval type="int" val="655" />
					<sval type="int" val="15" />
					<sval type="int" val="9" />
					<sval type="int" val="983040" />
				</sval>
				<sval type="array" size="4">
					<sval type="int" val="655" />
					<sval type="int" val="16" />
					<sval type="int" val="9" />
					<sval type="int" val="786496" />
				</sval>
				<sval type="array" size="13">
					<sval type="int" val="104" />
					<sval type="int" val="-1610600957" />
					<sval type="int" val="3" />
					<sval type="int" val="131074" />
					<sval type="int" val="1" />
					<sval type="int" val="0" />
					<sval type="int" val="0" />
					<sval type="int" val="15" />
					<sval type="int" val="0" />
					<sval type="int" val="3" />
					<sval type="int" val="-1" />
					<sval type="int" val="0" />
					<sval type="int" val="-2" />
				</sval>
				<sval type="array" size="4">
					<sval type="int" val="128" />
					<sval type="int" val="1" />
					<sval type="int" val="4" />
					<sval type="int" val="9" />
				</sval>
				<sval type="array" size="7">
					<sval type="int" val="130" />
					<sval type="int" val="131074" />
					<sval type="int" val="1" />
					<sval type="int" val="4" />
					<sval type="int" val="0" />
					<sval type="int" val="131074" />
					<sval type="int" val="16" />
				</sval>
				<sval type="array" size="7">
					<sval type="int" val="130" />
					<sval type="int" val="131074" />
					<sval type="int" val="1" />
					<sval type="int" val="4" />
					<sval type="int" val="1" />
					<sval type="int" val="131074" />
					<sval type="int" val="10" />
				</sval>
				<sval type="array" size="7">
					<sval type="int" val="130" />
					<sval type="int" val="131074" />
					<sval type="int" val="1" />
					<sval type="int" val="4" />
					<sval type="int" val="2" />
					<sval type="int" val="131074" />
					<sval type="int" val="9" />
				</sval>
				<sval type="array" size="7">
					<sval type="int" val="130" />
					<sval type="int" val="131074" />
					<sval type="int" val="1" />
					<sval type="int" val="4" />
					<sval type="int" val="3" />
					<sval type="int" val="131074" />
					<sval type="int" val="13" />
				</sval>
				<sval type="array" size="7">
					<sval type="int" val="130" />
					<sval type="int" val="131074" />
					<sval type="int" val="1" />
					<sval type="int" val="4" />
					<sval type="int" val="4" />
					<sval type="int" val="131074" />
					<sval type="int" val="8" />
				</sval>
				<sval type="array" size="7">
					<sval type="int" val="130" />
					<sval type="int" val="131074" />
					<sval type="int" val="1" />
					<sval type="int" val="4" />
					<sval type="int" val="5" />
					<sval type="int" val="131074" />
					<sval type="int" val="11" />
				</sval>
				<sval type="array" size="7">
					<sval type="int" val="130" />
					<sval type="int" val="131074" />
					<sval type="int" val="1" />
					<sval type="int" val="4" />
					<sval type="int" val="6" />
					<sval type="int" val="131074" />
					<sval type="int" val="12" />
				</sval>
				<sval type="array" size="7">
					<sval type="int" val="130" />
					<sval type="int" val="131074" />
					<sval type="int" val="1" />
					<sval type="int" val="4" />
					<sval type="int" val="7" />
					<sval type="int" val="131074" />
					<sval type="int" val="15" />
				</sval>
				<sval type="array" size="7">
					<sval type="int" val="130" />
					<sval type="int" val="131074" />
					<sval type="int" val="1" />
					<sval type="int" val="4" />
					<sval type="int" val="8" />
					<sval type="int" val="131074" />
					<sval type="int" val="14" />
				</sval>
				<sval type="array" size="4">
					<sval type="int" val="128" />
					<sval type="int" val="17" />
					<sval type="int" val="4" />
					<sval type="int" val="0" />
				</sval>
				<sval type="array" size="4">
					<sval type="int" val="128" />
					<sval type="int" val="18" />
					<sval type="int" val="4" />
					<sval type="int" val="0" />
				</sval>
				<sval type="array" size="2">
					<sval type="int" val="1445" />
					<sval type="int" val="19" />
				</sval>
				<sval type="array" size="4">
					<sval type="int" val="131" />
					<sval type="int" val="21" />
					<sval type="int" val="131074" />
					<sval type="int" val="1" />
				</sval>
				<sval type="array" size="7">
					<sval type="int" val="104" />
					<sval type="int" val="-1610598647" />
					<sval type="int" val="1" />
					<sval type="int" val="131074" />
					<sval type="int" val="21" />
					<sval type="int" val="1" />
					<sval type="int" val="-1" />
				</sval>
				<sval type="array" size="2">
					<sval type="int" val="143" />
					<sval type="int" val="21" />
				</sval>
				<sval type="array" size="6">
					<sval type="int" val="129" />
					<sval type="int" val="20" />
					<sval type="int" val="131074" />
					<sval type="int" val="1" />
					<sval type="int" val="131074" />
					<sval type="int" val="21" />
				</sval>
				<sval type="array" size="2">
					<sval type="int" val="1167" />
					<sval type="int" val="67" />
				</sval>
				<sval type="array" size="2">
					<sval type="int" val="112" />
					<sval type="int" val="50" />
				</sval>
				<sval type="array" size="4">
					<sval type="int" val="131" />
					<sval type="int" val="-1610597373" />
					<sval type="int" val="131074" />
					<sval type="int" val="17" />
				</sval>
				<sval type="array" size="7">
					<sval type="int" val="104" />
					<sval type="int" val="22" />
					<sval type="int" val="1" />
					<sval type="int" val="131074" />
					<sval type="int" val="17" />
					<sval type="int" val="1" />
					<sval type="int" val="-1" />
				</sval>
				<sval type="array" size="7">
					<sval type="int" val="104" />
					<sval type="int" val="23" />
					<sval type="int" val="1" />
					<sval type="int" val="131074" />
					<sval type="int" val="18" />
					<sval type="int" val="1" />
					<sval type="int" val="-1" />
				</sval>
				<sval type="array" size="6">
					<sval type="int" val="126" />
					<sval type="int" val="24" />
					<sval type="int" val="4" />
					<sval type="int" val="35" />
					<sval type="int" val="4" />
					<sval type="int" val="792" />
				</sval>
				<sval type="array" size="2">
					<sval type="int" val="1167" />
					<sval type="int" val="126" />
				</sval>
				<sval type="array" size="14">
					<sval type="int" val="102" />
					<sval type="string" val="lib.zanzal.createmenu" />
					<sval type="int" val="25" />
					<sval type="int" val="131075" />
					<sval type="int" val="1" />
					<sval type="int" val="4" />
					<sval type="int" val="131074" />
					<sval type="int" val="7" />
					<sval type="int" val="0" />
					<sval type="int" val="0" />
					<sval type="int" val="131074" />
					<sval type="int" val="19" />
					<sval type="int" val="131075" />
					<sval type="int" val="9" />
				</sval>
				<sval type="array" size="8">
					<sval type="int" val="102" />
					<sval type="string" val="lib.zanzal.ismenuopen" />
					<sval type="int" val="-1610596599" />
					<sval type="int" val="131075" />
					<sval type="int" val="1" />
					<sval type="int" val="1" />
					<sval type="int" val="131074" />
					<sval type="int" val="25" />
				</sval>
				<sval type="array" size="2">
					<sval type="int" val="112" />
					<sval type="int" val="61" />
				</sval>
				<sval type="array" size="6">
					<sval type="int" val="129" />
					<sval type="int" val="26" />
					<sval type="int" val="131074" />
					<sval type="int" val="25" />
					<sval type="int" val="4" />
					<sval type="int" val="0" />
				</sval>
				<sval type="array" size="4">
					<sval type="int" val="131" />
					<sval type="int" val="-1610595837" />
					<sval type="int" val="131074" />
					<sval type="int" val="26" />
				</sval>
				<sval type="array" size="8">
					<sval type="int" val="132" />
					<sval type="int" val="26" />
					<sval type="int" val="131074" />
					<sval type="int" val="26" />
					<sval type="int" val="0" />
					<sval type="int" val="0" />
					<sval type="int" val="0" />
					<sval type="int" val="0" />
				</sval>
				<sval type="array" size="3">
					<sval type="int" val="103" />
					<sval type="int" val="131074" />
					<sval type="int" val="26" />
				</sval>
				<sval type="array" size="2">
					<sval type="int" val="101" />
					<sval type="string" val="get_ware_array" />
				</sval>
				<sval type="array" size="13">
					<sval type="int" val="104" />
					<sval type="int" val="-1610594557" />
					<sval type="int" val="3" />
					<sval type="int" val="131074" />
					<sval type="int" val="20" />
					<sval type="int" val="131074" />
					<sval type="int" val="8" />
					<sval type="int" val="15" />
					<sval type="int" val="0" />
					<sval type="int" val="3" />
					<sval type="int" val="-1" />
					<sval type="int" val="0" />
					<sval type="int" val="-2" />
				</sval>
				<sval type="array" size="6">
					<sval type="int" val="126" />
					<sval type="int" val="24" />
					<sval type="int" val="4" />
					<sval type="int" val="54" />
					<sval type="int" val="4" />
					<sval type="int" val="13" />
				</sval>
				<sval type="array" size="2">
					<sval type="int" val="112" />
					<sval type="int" val="94" />
				</sval>
				<sval type="array" size="13">
					<sval type="int" val="104" />
					<sval type="int" val="-1610593787" />
					<sval type="int" val="3" />
					<sval type="int" val="131074" />
					<sval type="int" val="20" />
					<sval type="int" val="131074" />
					<sval type="int" val="9" />
					<sval type="int" val="15" />
					<sval type="int" val="0" />
					<sval type="int" val="3" />
					<sval type="int" val="-1" />
					<sval type="int" val="0" />
					<sval type="int" val="-2" />
				</sval>
				<sval type="array" size="6">
					<sval type="int" val="126" />
					<sval type="int" val="24" />
					<sval type="int" val="4" />
					<sval type="int" val="54" />
					<sval type="int" val="4" />
					<sval type="int" val="11" />
				</sval>
				<sval type="array" size="2">
					<sval type="int" val="112" />
					<sval type="int" val="94" />
				</sval>
				<sval type="array" size="13">
					<sval type="int" val="104" />
					<sval type="int" val="-1610593019" />
					<sval type="int" val="3" />
					<sval type="int" val="131074" />
					<sval type="int" val="20" />
					<sval type="int" val="131074" />
					<sval type="int" val="16" />
					<sval type="int" val="15" />
					<sval type="int" val="0" />
					<sval type="int" val="3" />
					<sval type="int" val="-1" />
					<sval type="int" val="0" />
					<sval type="int" val="-2" />
				</sval>
				<sval type="array" size="6">
					<sval type="int" val="126" />
					<sval type="int" val="24" />
					<sval type="int" val="4" />
					<sval type="int" val="54" />
					<sval type="int" val="4" />
					<sval type="int" val="10" />
				</sval>
				<sval type="array" size="2">
					<sval type="int" val="112" />
					<sval type="int" val="94" />
				</sval>
				<sval type="array" size="13">
					<sval type="int" val="104" />
					<sval type="int" val="-1610592251" />
					<sval type="int" val="3" />
					<sval type="int" val="131074" />
					<sval type="int" val="20" />
					<sval type="int" val="131074" />
					<sval type="int" val="15" />
					<sval type="int" val="15" />
					<sval type="int" val="0" />
					<sval type="int" val="3" />
					<sval type="int" val="-1" />
					<sval type="int" val="0" />
					<sval type="int" val="-2" />
				</sval>
				<sval type="array" size="6">
					<sval type="int" val="126" />
					<sval type="int" val="24" />
					<sval type="int" val="4" />
					<sval type="int" val="54" />
					<sval type="int" val="4" />
					<sval type="int" val="15" />
				</sval>
				<sval type="array" size="2">
					<sval type="int" val="112" />
					<sval type="int" val="94" />
				</sval>
				<sval type="array" size="13">
					<sval type="int" val="104" />
					<sval type="int" val="-1610591483" />
					<sval type="int" val="3" />
					<sval type="int" val="131074" />
					<sval type="int" val="20" />
					<sval type="int" val="131074" />
					<sval type="int" val="12" />
					<sval type="int" val="15" />
					<sval type="int" val="0" />
					<sval type="int" val="3" />
					<sval type="int" val="-1" />
					<sval type="int" val="0" />
					<sval type="int" val="-2" />
				</sval>
				<sval type="array" size="6">
					<sval type="int" val="126" />
					<sval type="int" val="24" />
					<sval type="int" val="4" />
					<sval type="int" val="54" />
					<sval type="int" val="4" />
					<sval type="int" val="8" />
				</sval>
				<sval type="array" size="2">
					<sval type="int" val="112" />
					<sval type="int" val="94" />
				</sval>
				<sval type="array" size="13">
					<sval type="int" val="104" />
					<sval type="int" val="-1610590715" />
					<sval type="int" val="3" />
					<sval type="int" val="131074" />
					<sval type="int" val="20" />
					<sval type="int" val="131074" />
					<sval type="int" val="14" />
					<sval type="int" val="15" />
					<sval type="int" val="0" />
					<sval type="int" val="3" />
					<sval type="int" val="-1" />
					<sval type="int" val="0" />
					<sval type="int" val="-2" />
				</sval>
				<sval type="array" size="6">
					<sval type="int" val="126" />
					<sval type="int" val="24" />
					<sval type="int" val="4" />
					<sval type="int" val="54" />
					<sval type="int" val="4" />
					<sval type="int" val="14" />
				</sval>
				<sval type="array" size="2">
					<sval type="int" val="112" />
					<sval type="int" val="94" />
				</sval>
				<sval type="array" size="13">
					<sval type="int" val="104" />
					<sval type="int" val="-1610589947" />
					<sval type="int" val="3" />
					<sval type="int" val="131074" />
					<sval type="int" val="20" />
					<sval type="int" val="131074" />
					<sval type="int" val="11" />
					<sval type="int" val="15" />
					<sval type="int" val="0" />
					<sval type="int" val="3" />
					<sval type="int" val="-1" />
					<sval type="int" val="0" />
					<sval type="int" val="-2" />
				</sval>
				<sval type="array" size="6">
					<sval type="int" val="126" />
					<sval type="int" val="24" />
					<sval type="int" val="4" />
					<sval type="int" val="54" />
					<sval type="int" val="4" />
					<sval type="int" val="9" />
				</sval>
				<sval type="array" size="2">
					<sval type="int" val="112" />
					<sval type="int" val="94" />
				</sval>
				<sval type="array" size="13">
					<sval type="int" val="104" />
					<sval type="int" val="-1610589179" />
					<sval type="int" val="3" />
					<sval type="int" val="131074" />
					<sval type="int" val="20" />
					<sval type="int" val="131074" />
					<sval type="int" val="10" />
					<sval type="int" val="15" />
					<sval type="int" val="0" />
					<sval type="int" val="3" />
					<sval type="int" val="-1" />
					<sval type="int" val="0" />
					<sval type="int" val="-2" />
				</sval>
				<sval type="array" size="6">
					<sval type="int" val="126" />
					<sval type="int" val="24" />
					<sval type="int" val="4" />
					<sval type="int" val="54" />
					<sval type="int" val="4" />
					<sval type="int" val="16" />
				</sval>
				<sval type="array" size="2">
					<sval type="int" val="112" />
					<sval type="int" val="94" />
				</sval>
				<sval type="array" size="13">
					<sval type="int" val="104" />
					<sval type="int" val="-1610588667" />
					<sval type="int" val="3" />
					<sval type="int" val="131074" />
					<sval type="int" val="20" />
					<sval type="int" val="131074" />
					<sval type="int" val="13" />
					<sval type="int" val="15" />
					<sval type="int" val="0" />
					<sval type="int" val="3" />
					<sval type="int" val="-1" />
					<sval type="int" val="0" />
					<sval type="int" val="-2" />
				</sval>
				<sval type="array" size="6">
					<sval type="int" val="126" />
					<sval type="int" val="24" />
					<sval type="int" val="4" />
					<sval type="int" val="54" />
					<sval type="int" val="4" />
					<sval type="int" val="12" />
				</sval>
				<sval type="array" size="4">
					<sval type="int" val="658" />
					<sval type="int" val="27" />
					<sval type="int" val="131074" />
					<sval type="int" val="20" />
				</sval>
				<sval type="array" size="7">
					<sval type="int" val="104" />
					<sval type="int" val="28" />
					<sval type="int" val="1" />
					<sval type="int" val="4" />
					<sval type="int" val="0" />
					<sval type="int" val="1" />
					<sval type="int" val="-1" />
				</sval>
				<sval type="array" size="4">
					<sval type="int" val="128" />
					<sval type="int" val="22" />
					<sval type="int" val="4" />
					<sval type="int" val="0" />
				</sval>
				<sval type="array" size="4">
					<sval type="int" val="128" />
					<sval type="int" val="23" />
					<sval type="int" val="4" />
					<sval type="int" val="0" />
				</sval>
				<sval type="array" size="13">
					<sval type="int" val="104" />
					<sval type="int" val="-1610581239" />
					<sval type="int" val="3" />
					<sval type="int" val="131074" />
					<sval type="int" val="28" />
					<sval type="int" val="131074" />
					<sval type="int" val="27" />
					<sval type="int" val="15" />
					<sval type="int" val="3" />
					<sval type="int" val="3" />
					<sval type="int" val="-1" />
					<sval type="int" val="3" />
					<sval type="int" val="-2" />
				</sval>
				<sval type="array" size="6">
					<sval type="int" val="657" />
					<sval type="int" val="29" />
					<sval type="int" val="131074" />
					<sval type="int" val="20" />
					<sval type="int" val="131074" />
					<sval type="int" val="28" />
				</sval>
				<sval type="array" size="6">
					<sval type="int" val="620" />
					<sval type="int" val="131074" />
					<sval type="int" val="0" />
					<sval type="int" val="30" />
					<sval type="int" val="131074" />
					<sval type="int" val="29" />
				</sval>
				<sval type="array" size="4">
					<sval type="int" val="1061" />
					<sval type="int" val="131074" />
					<sval type="int" val="29" />
					<sval type="int" val="-1610581757" />
				</sval>
				<sval type="array" size="13">
					<sval type="int" val="104" />
					<sval type="int" val="-1610581757" />
					<sval type="int" val="3" />
					<sval type="int" val="131074" />
					<sval type="int" val="30" />
					<sval type="int" val="4" />
					<sval type="int" val="0" />
					<sval type="int" val="15" />
					<sval type="int" val="2" />
					<sval type="int" val="3" />
					<sval type="int" val="-1" />
					<sval type="int" val="2" />
					<sval type="int" val="-2" />
				</sval>
				<sval type="array" size="6">
					<sval type="int" val="1406" />
					<sval type="int" val="-536839932" />
					<sval type="int" val="131074" />
					<sval type="int" val="29" />
					<sval type="int" val="131074" />
					<sval type="int" val="6" />
				</sval>
				<sval type="array" size="14">
					<sval type="int" val="149" />
					<sval type="int" val="31" />
					<sval type="int" val="5" />
					<sval type="string" val="%s" />
					<sval type="int" val="131074" />
					<sval type="int" val="29" />
					<sval type="int" val="0" />
					<sval type="int" val="0" />
					<sval type="int" val="0" />
					<sval type="int" val="0" />
					<sval type="int" val="0" />
					<sval type="int" val="0" />
					<sval type="int" val="0" />
					<sval type="int" val="0" />
				</sval>
				<sval type="array" size="13">
					<sval type="int" val="104" />
					<sval type="int" val="-1610581757" />
					<sval type="int" val="3" />
					<sval type="int" val="131074" />
					<sval type="int" val="31" />
					<sval type="int" val="5" />
					<sval type="string" val="" />
					<sval type="int" val="15" />
					<sval type="int" val="1" />
					<sval type="int" val="3" />
					<sval type="int" val="-1" />
					<sval type="int" val="1" />
					<sval type="int" val="-2" />
				</sval>
				<sval type="array" size="6">
					<sval type="int" val="1478" />
					<sval type="int" val="-536839932" />
					<sval type="int" val="5" />
					<sval type="string" val=".*[_*].*" />
					<sval type="int" val="131074" />
					<sval type="int" val="31" />
				</sval>
				<sval type="array" size="6">
					<sval type="int" val="618" />
					<sval type="int" val="131074" />
					<sval type="int" val="0" />
					<sval type="int" val="32" />
					<sval type="int" val="131074" />
					<sval type="int" val="29" />
				</sval>
				<sval type="array" size="4">
					<sval type="int" val="1479" />
					<sval type="int" val="-1610583037" />
					<sval type="int" val="131074" />
					<sval type="int" val="29" />
				</sval>
				<sval type="array" size="13">
					<sval type="int" val="104" />
					<sval type="int" val="-1610583293" />
					<sval type="int" val="3" />
					<sval type="int" val="131074" />
					<sval type="int" val="32" />
					<sval type="int" val="4" />
					<sval type="int" val="0" />
					<sval type="int" val="15" />
					<sval type="int" val="0" />
					<sval type="int" val="3" />
					<sval type="int" val="-1" />
					<sval type="int" val="0" />
					<sval type="int" val="-2" />
				</sval>
				<sval type="array" size="7">
					<sval type="int" val="104" />
					<sval type="int" val="-1610583805" />
					<sval type="int" val="1" />
					<sval type="int" val="131074" />
					<sval type="int" val="3" />
					<sval type="int" val="1" />
					<sval type="int" val="-1" />
				</sval>
				<sval type="array" size="17">
					<sval type="int" val="1549" />
					<sval type="int" val="131074" />
					<sval type="int" val="17" />
					<sval type="int" val="131074" />
					<sval type="int" val="31" />
					<sval type="int" val="4" />
					<sval type="int" val="0" />
					<sval type="int" val="131074" />
					<sval type="int" val="30" />
					<sval type="int" val="131074" />
					<sval type="int" val="32" />
					<sval type="int" val="131074" />
					<sval type="int" val="29" />
					<sval type="int" val="131074" />
					<sval type="int" val="4" />
					<sval type="int" val="131074" />
					<sval type="int" val="5" />
				</sval>
				<sval type="array" size="2">
					<sval type="int" val="112" />
					<sval type="int" val="114" />
				</sval>
				<sval type="array" size="7">
					<sval type="int" val="1447" />
					<sval type="int" val="131074" />
					<sval type="int" val="17" />
					<sval type="int" val="131074" />
					<sval type="int" val="31" />
					<sval type="int" val="131074" />
					<sval type="int" val="29" />
				</sval>
				<sval type="array" size="5">
					<sval type="int" val="135" />
					<sval type="int" val="131074" />
					<sval type="int" val="18" />
					<sval type="int" val="131074" />
					<sval type="int" val="31" />
				</sval>
				<sval type="array" size="2">
					<sval type="int" val="112" />
					<sval type="int" val="121" />
				</sval>
				<sval type="array" size="7">
					<sval type="int" val="104" />
					<sval type="int" val="-1610582269" />
					<sval type="int" val="1" />
					<sval type="int" val="131074" />
					<sval type="int" val="3" />
					<sval type="int" val="1" />
					<sval type="int" val="-1" />
				</sval>
				<sval type="array" size="17">
					<sval type="int" val="1549" />
					<sval type="int" val="131074" />
					<sval type="int" val="22" />
					<sval type="int" val="131074" />
					<sval type="int" val="31" />
					<sval type="int" val="4" />
					<sval type="int" val="0" />
					<sval type="int" val="131074" />
					<sval type="int" val="30" />
					<sval type="int" val="131074" />
					<sval type="int" val="32" />
					<sval type="int" val="131074" />
					<sval type="int" val="29" />
					<sval type="int" val="131074" />
					<sval type="int" val="4" />
					<sval type="int" val="131074" />
					<sval type="int" val="5" />
				</sval>
				<sval type="array" size="2">
					<sval type="int" val="112" />
					<sval type="int" val="120" />
				</sval>
				<sval type="array" size="7">
					<sval type="int" val="1447" />
					<sval type="int" val="131074" />
					<sval type="int" val="22" />
					<sval type="int" val="131074" />
					<sval type="int" val="31" />
					<sval type="int" val="131074" />
					<sval type="int" val="29" />
				</sval>
				<sval type="array" size="5">
					<sval type="int" val="135" />
					<sval type="int" val="131074" />
					<sval type="int" val="23" />
					<sval type="int" val="131074" />
					<sval type="int" val="31" />
				</sval>
				<sval type="array" size="2">
					<sval type="int" val="142" />
					<sval type="int" val="28" />
				</sval>
				<sval type="array" size="2">
					<sval type="int" val="112" />
					<sval type="int" val="98" />
				</sval>
				<sval type="array" size="4">
					<sval type="int" val="131" />
					<sval type="int" val="-1610580733" />
					<sval type="int" val="131074" />
					<sval type="int" val="22" />
				</sval>
				<sval type="array" size="2">
					<sval type="int" val="1167" />
					<sval type="int" val="126" />
				</sval>
				<sval type="array" size="1">
					<sval type="int" val="1168" />
				</sval>
				<sval type="array" size="2">
					<sval type="int" val="101" />
					<sval type="string" val="add_menu_section" />
				</sval>
				<sval type="array" size="4">
					<sval type="int" val="131" />
					<sval type="int" val="-1610579709" />
					<sval type="int" val="131074" />
					<sval type="int" val="19" />
				</sval>
				<sval type="array" size="3">
					<sval type="int" val="1522" />
					<sval type="int" val="131074" />
					<sval type="int" val="19" />
				</sval>
				<sval type="array" size="6">
					<sval type="int" val="1417" />
					<sval type="int" val="22" />
					<sval type="int" val="131074" />
					<sval type="int" val="22" />
					<sval type="int" val="131074" />
					<sval type="int" val="23" />
				</sval>
				<sval type="array" size="5">
					<sval type="int" val="1448" />
					<sval type="int" val="131074" />
					<sval type="int" val="19" />
					<sval type="int" val="131074" />
					<sval type="int" val="24" />
				</sval>
				<sval type="array" size="7">
					<sval type="int" val="104" />
					<sval type="int" val="33" />
					<sval type="int" val="1" />
					<sval type="int" val="4" />
					<sval type="int" val="0" />
					<sval type="int" val="1" />
					<sval type="int" val="-1" />
				</sval>
				<sval type="array" size="4">
					<sval type="int" val="131" />
					<sval type="int" val="34" />
					<sval type="int" val="131074" />
					<sval type="int" val="22" />
				</sval>
				<sval type="array" size="13">
					<sval type="int" val="104" />
					<sval type="int" val="-1610577399" />
					<sval type="int" val="3" />
					<sval type="int" val="131074" />
					<sval type="int" val="33" />
					<sval type="int" val="131074" />
					<sval type="int" val="34" />
					<sval type="int" val="15" />
					<sval type="int" val="3" />
					<sval type="int" val="3" />
					<sval type="int" val="-1" />
					<sval type="int" val="3" />
					<sval type="int" val="-2" />
				</sval>
				<sval type="array" size="6">
					<sval type="int" val="129" />
					<sval type="int" val="35" />
					<sval type="int" val="131074" />
					<sval type="int" val="22" />
					<sval type="int" val="131074" />
					<sval type="int" val="33" />
				</sval>
				<sval type="array" size="5">
					<sval type="int" val="135" />
					<sval type="int" val="131074" />
					<sval type="int" val="19" />
					<sval type="int" val="131074" />
					<sval type="int" val="35" />
				</sval>
				<sval type="array" size="2">
					<sval type="int" val="142" />
					<sval type="int" val="33" />
				</sval>
				<sval type="array" size="2">
					<sval type="int" val="112" />
					<sval type="int" val="133" />
				</sval>
				<sval type="array" size="1">
					<sval type="int" val="1168" />
				</sval>
				<sval type="array" size="2">
					<sval type="int" val="101" />
					<sval type="string" val="show_debug" />
				</sval>
				<sval type="array" size="14">
					<sval type="int" val="149" />
					<sval type="int" val="36" />
					<sval type="int" val="5" />
					<sval type="string" val="%s" />
					<sval type="int" val="131074" />
					<sval type="int" val="37" />
					<sval type="int" val="0" />
					<sval type="int" val="0" />
					<sval type="int" val="0" />
					<sval type="int" val="0" />
					<sval type="int" val="0" />
					<sval type="int" val="0" />
					<sval type="int" val="0" />
					<sval type="int" val="0" />
				</sval>
				<sval type="array" size="5">
					<sval type="int" val="1418" />
					<sval type="int" val="131074" />
					<sval type="int" val="36" />
					<sval type="int" val="4" />
					<sval type="int" val="10000" />
				</sval>
				<sval type="array" size="4">
					<sval type="int" val="105" />
					<sval type="int" val="-2147483647" />
					<sval type="int" val="4" />
					<sval type="int" val="10000" />
				</sval>
				<sval type="array" size="1">
					<sval type="int" val="1168" />
				</sval>
			</sval>
			<sval type="array" size="6">
				<sval type="array" size="2">
					<sval type="int" val="9" />
					<sval type="string" val="" />
				</sval>
				<sval type="array" size="2">
					<sval type="int" val="9" />
					<sval type="string" val="" />
				</sval>
				<sval type="array" size="2">
					<sval type="int" val="45" />
					<sval type="string" val="" />
				</sval>
				<sval type="array" size="2">
					<sval type="int" val="63" />
					<sval type="string" val="" />
				</sval>
				<sval type="array" size="2">
					<sval type="int" val="11" />
					<sval type="string" val="" />
				</sval>
				<sval type="array" size="2">
					<sval type="int" val="11" />
					<sval type="string" val="" />
				</sval>
			</sval>
			<sval type="array" size="41">
				<sval type="array" size="3">
					<sval type="int" val="0" />
					<sval type="int" val="1" />
					<sval type="string" val="************************************************" />
				</sval>
				<sval type="array" size="3">
					<sval type="int" val="0" />
					<sval type="int" val="1" />
					<sval type="string" val="SCRIPT NAME: plugin.zanzal.selectware" />
				</sval>
				<sval type="array" size="3">
					<sval type="int" val="0" />
					<sval type="int" val="1" />
					<sval type="string" val="DESCRIPTION: Ware picker" />
				</sval>
				<sval type="array" size="3">
					<sval type="int" val="0" />
					<sval type="int" val="1" />
					<sval type="string" val="" />
				</sval>
				<sval type="array" size="3">
					<sval type="int" val="0" />
					<sval type="int" val="1" />
					<sval type="string" val="AUTHOR: Zanzal          DATE: 25 January 2014" />
				</sval>
				<sval type="array" size="3">
					<sval type="int" val="0" />
					<sval type="int" val="1" />
					<sval type="string" val="************************************************" />
				</sval>
				<sval type="array" size="2">
					<sval type="int" val="25" />
					<sval type="int" val="4" />
				</sval>
				<sval type="array" size="2">
					<sval type="int" val="46" />
					<sval type="int" val="4" />
				</sval>
				<sval type="array" size="2">
					<sval type="int" val="46" />
					<sval type="int" val="2" />
				</sval>
				<sval type="array" size="2">
					<sval type="int" val="48" />
					<sval type="int" val="2" />
				</sval>
				<sval type="array" size="2">
					<sval type="int" val="55" />
					<sval type="int" val="4" />
				</sval>
				<sval type="array" size="2">
					<sval type="int" val="55" />
					<sval type="int" val="2" />
				</sval>
				<sval type="array" size="2">
					<sval type="int" val="60" />
					<sval type="int" val="4" />
				</sval>
				<sval type="array" size="2">
					<sval type="int" val="60" />
					<sval type="int" val="2" />
				</sval>
				<sval type="array" size="3">
					<sval type="int" val="62" />
					<sval type="int" val="1" />
					<sval type="string" val="Dynamic menu updates here." />
				</sval>
				<sval type="array" size="2">
					<sval type="int" val="63" />
					<sval type="int" val="4" />
				</sval>
				<sval type="array" size="2">
					<sval type="int" val="63" />
					<sval type="int" val="2" />
				</sval>
				<sval type="array" size="2">
					<sval type="int" val="66" />
					<sval type="int" val="4" />
				</sval>
				<sval type="array" size="2">
					<sval type="int" val="66" />
					<sval type="int" val="2" />
				</sval>
				<sval type="array" size="2">
					<sval type="int" val="67" />
					<sval type="int" val="2" />
				</sval>
				<sval type="array" size="2">
					<sval type="int" val="94" />
					<sval type="int" val="4" />
				</sval>
				<sval type="array" size="2">
					<sval type="int" val="94" />
					<sval type="int" val="2" />
				</sval>
				<sval type="array" size="2">
					<sval type="int" val="113" />
					<sval type="int" val="5" />
				</sval>
				<sval type="array" size="2">
					<sval type="int" val="114" />
					<sval type="int" val="4" />
				</sval>
				<sval type="array" size="2">
					<sval type="int" val="115" />
					<sval type="int" val="4" />
				</sval>
				<sval type="array" size="2">
					<sval type="int" val="116" />
					<sval type="int" val="5" />
				</sval>
				<sval type="array" size="2">
					<sval type="int" val="119" />
					<sval type="int" val="5" />
				</sval>
				<sval type="array" size="2">
					<sval type="int" val="120" />
					<sval type="int" val="4" />
				</sval>
				<sval type="array" size="2">
					<sval type="int" val="121" />
					<sval type="int" val="4" />
				</sval>
				<sval type="array" size="2">
					<sval type="int" val="121" />
					<sval type="int" val="4" />
				</sval>
				<sval type="array" size="2">
					<sval type="int" val="121" />
					<sval type="int" val="4" />
				</sval>
				<sval type="array" size="2">
					<sval type="int" val="121" />
					<sval type="int" val="4" />
				</sval>
				<sval type="array" size="2">
					<sval type="int" val="121" />
					<sval type="int" val="4" />
				</sval>
				<sval type="array" size="2">
					<sval type="int" val="121" />
					<sval type="int" val="4" />
				</sval>
				<sval type="array" size="2">
					<sval type="int" val="123" />
					<sval type="int" val="4" />
				</sval>
				<sval type="array" size="2">
					<sval type="int" val="123" />
					<sval type="int" val="2" />
				</sval>
				<sval type="array" size="2">
					<sval type="int" val="125" />
					<sval type="int" val="4" />
				</sval>
				<sval type="array" size="2">
					<sval type="int" val="126" />
					<sval type="int" val="2" />
				</sval>
				<sval type="array" size="2">
					<sval type="int" val="129" />
					<sval type="int" val="4" />
				</sval>
				<sval type="array" size="2">
					<sval type="int" val="138" />
					<sval type="int" val="4" />
				</sval>
				<sval type="array" size="2">
					<sval type="int" val="139" />
					<sval type="int" val="2" />
				</sval>
			</sval>
			<sval type="int" val="0" />
		</sval>
	</codearray>
</script>
