<?xml version="1.0" standalone="yes"?>
<?xml-stylesheet href="x2script.xsl" type="text/xsl"?>
<!-- Generated using X-Studio -->
<script>
	<name>plugin.zanzal.shopping.getfreecargospaceforware</name>
	<version>1</version>
	<engineversion>50</engineversion>
	<description></description>
	<arguments>
		<argument index="1" name="include.max.jumpfuel" type="Var/Boolean" desc="" />
		<argument index="2" name="shopping.list" type="Var/Array" desc="" />
		<argument index="3" name="ware" type="Var/Ware" desc="" />
	</arguments>
	<sourcetext>
		<line linenr="001" indent="">
			<comment>* ************************************************</comment>
		</line>
		<line linenr="002" indent="">
			<comment>* SCRIPT NAME: plugin.zanzal.shopping.getfreecargospaceforware</comment>
		</line>
		<line linenr="003" indent="">
			<comment>* DESCRIPTION: </comment>
		</line>
		<line linenr="004" indent="">
			<comment>* </comment>
		</line>
		<line linenr="005" indent="">
			<comment>* AUTHOR: Zanzal          DATE: 26 January 2014</comment>
		</line>
		<line linenr="006" indent="">
			<comment>* ************************************************</comment>
		</line>
		<line linenr="007" indent="">
			<var>$volume</var>
			<text> </text>
			<text>=</text>
			<text> </text>
			<var>[THIS]</var>
			<text>-&gt;</text>
			<text> </text>
			<text>get</text>
			<text> </text>
			<text>free</text>
			<text> </text>
			<text>volume</text>
			<text> </text>
			<text>of</text>
			<text> </text>
			<text>cargo</text>
			<text> </text>
			<text>bay</text>
		</line>
		<line linenr="008" indent="">
			<var>$sector</var>
			<text> </text>
			<text>=</text>
			<text> </text>
			<var>[THIS]</var>
			<text>-&gt;</text>
			<text> </text>
			<text>get</text>
			<text> </text>
			<text>sector</text>
		</line>
		<line linenr="009" indent="" />
		<line linenr="010" indent="">
			<text>if</text>
			<text> </text>
			<var>$include.max.jumpfuel</var>
		</line>
		<line linenr="011" indent="&#160;">
			<var>$max.jumps</var>
			<text> </text>
			<text>=</text>
			<text> </text>
			<var>[THIS]</var>
			<text>-&gt;</text>
			<text> </text>
			<text>get</text>
			<text> </text>
			<text>jumpdrive</text>
			<text> </text>
			<text>fuel</text>
			<text> </text>
			<text>resupply</text>
		</line>
		<line linenr="012" indent="&#160;">
			<var>$fuel.per.jump</var>
			<text> </text>
			<text>=</text>
			<text> </text>
			<var>[THIS]</var>
			<text>-&gt;</text>
			<text> </text>
			<text>needed</text>
			<text> </text>
			<text>jump</text>
			<text> </text>
			<text>drive</text>
			<text> </text>
			<text>energy</text>
			<text> </text>
			<text>for</text>
			<text> </text>
			<text>jump</text>
			<text> </text>
			<text>to</text>
			<text> </text>
			<text>sector</text>
			<text> </text>
			<var>$sector</var>
		</line>
		<line linenr="013" indent="&#160;">
			<var>$max.fuel</var>
			<text> </text>
			<text>=</text>
			<text> </text>
			<var>$max.jumps</var>
			<text> </text>
			<text>*</text>
			<text> </text>
			<var>$fuel.per.jump</var>
		</line>
		<line linenr="014" indent="&#160;">
			<text>do</text>
			<text> </text>
			<text>if</text>
			<text> </text>
			<var>$max.fuel</var>
			<text> </text>
			<text>==</text>
			<text> </text>
			<var>0</var>
		</line>
		<line linenr="015" indent="&#160;&#160;">
			<var>$include.max.jumpfuel</var>
			<text> </text>
			<text>=</text>
			<text> </text>
			<var>[FALSE]</var>
		</line>
		<line linenr="016" indent="">
			<text>end</text>
		</line>
		<line linenr="017" indent="" />
		<line linenr="018" indent="">
			<text>if</text>
			<text> </text>
			<text>size</text>
			<text> </text>
			<text>of</text>
			<text> </text>
			<text>array</text>
			<text> </text>
			<var>$shopping.list</var>
		</line>
		<line linenr="019" indent="&#160;">
			<var>$XS.Iterator1</var>
			<text> </text>
			<text>=</text>
			<text> </text>
			<text>size</text>
			<text> </text>
			<text>of</text>
			<text> </text>
			<text>array</text>
			<text> </text>
			<var>$shopping.list</var>
		</line>
		<line linenr="020" indent="&#160;&#160;">
			<text>while</text>
			<text> </text>
			<var>$XS.Iterator1</var>
		</line>
		<line linenr="021" indent="&#160;&#160;">
			<text>dec</text>
			<text> </text>
			<var>$XS.Iterator1</var>
		</line>
		<line linenr="022" indent="&#160;&#160;">
			<var>$shopping.item</var>
			<text> </text>
			<text>=</text>
			<text> </text>
			<var>$shopping.list</var>
			<text>[</text>
			<var>$XS.Iterator1</var>
			<text>]</text>
		</line>
		<line linenr="023" indent="&#160;&#160;">
			<var>$sh.count</var>
			<text> </text>
			<text>=</text>
			<text> </text>
			<var>$shopping.item</var>
			<text>[</text>
			<var>0</var>
			<text>]</text>
		</line>
		<line linenr="024" indent="&#160;&#160;&#160;">
			<var>$sh.ware</var>
			<text> </text>
			<text>=</text>
			<text> </text>
			<var>$shopping.item</var>
			<text>[</text>
			<var>1</var>
			<text>]</text>
		</line>
		<line linenr="025" indent="&#160;&#160;&#160;" />
		<line linenr="026" indent="&#160;&#160;">
			<text>if</text>
			<text> </text>
			<var>$sh.ware</var>
			<text> </text>
			<text>==</text>
			<text> </text>
			<var>{Energy Cells}</var>
			<text> </text>
			<text>AND</text>
			<text> </text>
			<var>$include.max.jumpfuel</var>
		</line>
		<line linenr="027" indent="&#160;&#160;">
			<var>$sh.count</var>
			<text> </text>
			<text>=</text>
			<text> </text>
			<var>$sh.count</var>
			<text> </text>
			<text>+</text>
			<text> </text>
			<var>$max.fuel</var>
		</line>
		<line linenr="028" indent="&#160;&#160;">
			<var>$include.max.jumpfuel</var>
			<text> </text>
			<text>=</text>
			<text> </text>
			<var>[FALSE]</var>
		</line>
		<line linenr="029" indent="&#160;&#160;">
			<text>end</text>
		</line>
		<line linenr="030" indent="&#160;&#160;" />
		<line linenr="031" indent="&#160;&#160;&#160;">
			<var>$true.amount</var>
			<text> </text>
			<text>=</text>
			<text> </text>
			<var>[THIS]</var>
			<text>-&gt;</text>
			<text> </text>
			<text>get</text>
			<text> </text>
			<text>true</text>
			<text> </text>
			<text>amount</text>
			<text> </text>
			<text>of</text>
			<text> </text>
			<text>ware</text>
			<text> </text>
			<var>$sh.ware</var>
			<text> </text>
			<text>in</text>
			<text> </text>
			<text>cargo</text>
			<text> </text>
			<text>bay</text>
		</line>
		<line linenr="032" indent="&#160;&#160;&#160;">
			<var>$sh.count</var>
			<text> </text>
			<text>=</text>
			<text> </text>
			<var>$sh.count</var>
			<text> </text>
			<text>-</text>
			<text> </text>
			<var>$true.amount</var>
		</line>
		<line linenr="033" indent="&#160;&#160;">
			<text>if</text>
			<text> </text>
			<var>$sh.count</var>
			<text> </text>
			<text>&gt;</text>
			<text> </text>
			<var>0</var>
		</line>
		<line linenr="034" indent="&#160;">
			<var>$vol.per</var>
			<text> </text>
			<text>=</text>
			<text> </text>
			<text>get</text>
			<text> </text>
			<text>volume</text>
			<text> </text>
			<text>of</text>
			<text> </text>
			<text>ware</text>
			<text> </text>
			<var>$sh.ware</var>
		</line>
		<line linenr="035" indent="">
			<var>$volume</var>
			<text> </text>
			<text>=</text>
			<text> </text>
			<var>$volume</var>
			<text> </text>
			<text>-</text>
			<text> </text>
			<text>(</text>
			<var>$vol.per</var>
			<text> </text>
			<text>*</text>
			<text> </text>
			<var>$sh.count</var>
			<text>)</text>
		</line>
		<line linenr="036" indent="">
			<text>end</text>
		</line>
		<line linenr="037" indent="">
			<text>end</text>
		</line>
		<line linenr="038" indent="&#160;">
			<text>end</text>
		</line>
		<line linenr="039" indent="&#160;" />
		<line linenr="040" indent="&#160;">
			<text>if</text>
			<text> </text>
			<var>$include.max.jumpfuel</var>
		</line>
		<line linenr="041" indent="&#160;&#160;">
			<var>$count</var>
			<text> </text>
			<text>=</text>
			<text> </text>
			<var>[THIS]</var>
			<text>-&gt;</text>
			<text> </text>
			<text>get</text>
			<text> </text>
			<text>amount</text>
			<text> </text>
			<text>of</text>
			<text> </text>
			<text>ware</text>
			<text> </text>
			<var>{Energy Cells}</var>
			<text> </text>
			<text>in</text>
			<text> </text>
			<text>cargo</text>
			<text> </text>
			<text>bay</text>
		</line>
		<line linenr="042" indent="&#160;">
			<var>$max.fuel</var>
			<text> </text>
			<text>=</text>
			<text> </text>
			<var>$max.fuel</var>
			<text> </text>
			<text>-</text>
			<text> </text>
			<var>$count</var>
		</line>
		<line linenr="043" indent="&#160;">
			<text>do</text>
			<text> </text>
			<text>if</text>
			<text> </text>
			<var>$max.fuel</var>
			<text> </text>
			<text>&lt;</text>
			<text> </text>
			<var>0</var>
		</line>
		<line linenr="044" indent="">
			<var>$max.fuel</var>
			<text> </text>
			<text>=</text>
			<text> </text>
			<var>0</var>
		</line>
		<line linenr="045" indent="">
			<var>$vol.per</var>
			<text> </text>
			<text>=</text>
			<text> </text>
			<text>get</text>
			<text> </text>
			<text>volume</text>
			<text> </text>
			<text>of</text>
			<text> </text>
			<text>ware</text>
			<text> </text>
			<var>{Energy Cells}</var>
		</line>
		<line linenr="046" indent="">
			<var>$volume</var>
			<text> </text>
			<text>=</text>
			<text> </text>
			<var>$volume</var>
			<text> </text>
			<text>-</text>
			<text> </text>
			<text>(</text>
			<var>$vol.per</var>
			<text> </text>
			<text>*</text>
			<text> </text>
			<var>$max.fuel</var>
			<text>)</text>
		</line>
		<line linenr="047" indent="">
			<text>end</text>
		</line>
		<line linenr="048" indent="&#160;" />
		<line linenr="049" indent="">
			<var>$vol.per</var>
			<text> </text>
			<text>=</text>
			<text> </text>
			<text>get</text>
			<text> </text>
			<text>volume</text>
			<text> </text>
			<text>of</text>
			<text> </text>
			<text>ware</text>
			<text> </text>
			<var>$ware</var>
		</line>
		<line linenr="050" indent="&#160;">
			<text>if</text>
			<text> </text>
			<var>$vol.per</var>
			<text> </text>
			<text>==</text>
			<text> </text>
			<var>0</var>
		</line>
		<line linenr="051" indent="">
			<var>$result</var>
			<text> </text>
			<text>=</text>
			<text> </text>
			<var>0</var>
		</line>
		<line linenr="052" indent="&#160;">
			<text>else</text>
			<text> </text>
			<text>if</text>
			<text> </text>
			<var>$vol.per</var>
			<text> </text>
			<text>==</text>
			<text> </text>
			<var>1</var>
		</line>
		<line linenr="053" indent="">
			<var>$result</var>
			<text> </text>
			<text>=</text>
			<text> </text>
			<var>$volume</var>
		</line>
		<line linenr="054" indent="">
			<text>else</text>
		</line>
		<line linenr="055" indent="&#160;">
			<var>$result</var>
			<text> </text>
			<text>=</text>
			<text> </text>
			<var>$volume</var>
			<text> </text>
			<text>/</text>
			<text> </text>
			<var>$vol.per</var>
		</line>
		<line linenr="056" indent="">
			<text>end</text>
		</line>
		<line linenr="057" indent="">
			<text>do</text>
			<text> </text>
			<text>if</text>
			<text> </text>
			<var>$result</var>
			<text> </text>
			<text>&lt;</text>
			<text> </text>
			<var>0</var>
		</line>
		<line linenr="058" indent="">
			<var>$result</var>
			<text> </text>
			<text>=</text>
			<text> </text>
			<var>0</var>
		</line>
		<line linenr="059" indent="" />
		<line linenr="060" indent="">
			<text>return</text>
			<text> </text>
			<var>$result</var>
		</line>
	</sourcetext>
	<codearray>
		<sval type="array" size="10">
			<sval type="string" val="plugin.zanzal.shopping.getfreecargospaceforware" />
			<sval type="int" val="50" />
			<sval type="string" val="" />
			<sval type="int" val="1" />
			<sval type="int" val="0" />
			<sval type="array" size="16">
				<sval type="string" val="include.max.jumpfuel" />
				<sval type="string" val="shopping.list" />
				<sval type="string" val="ware" />
				<sval type="string" val="volume" />
				<sval type="string" val="sector" />
				<sval type="string" val="max.jumps" />
				<sval type="string" val="fuel.per.jump" />
				<sval type="string" val="max.fuel" />
				<sval type="string" val="shopping.item" />
				<sval type="string" val="XS.Iterator1" />
				<sval type="string" val="sh.count" />
				<sval type="string" val="sh.ware" />
				<sval type="string" val="true.amount" />
				<sval type="string" val="vol.per" />
				<sval type="string" val="count" />
				<sval type="string" val="result" />
			</sval>
			<sval type="array" size="42">
				<sval type="array" size="4">
					<sval type="int" val="612" />
					<sval type="int" val="131075" />
					<sval type="int" val="1" />
					<sval type="int" val="3" />
				</sval>
				<sval type="array" size="4">
					<sval type="int" val="703" />
					<sval type="int" val="131075" />
					<sval type="int" val="1" />
					<sval type="int" val="4" />
				</sval>
				<sval type="array" size="7">
					<sval type="int" val="104" />
					<sval type="int" val="-1610610685" />
					<sval type="int" val="1" />
					<sval type="int" val="131074" />
					<sval type="int" val="0" />
					<sval type="int" val="1" />
					<sval type="int" val="-1" />
				</sval>
				<sval type="array" size="4">
					<sval type="int" val="1376" />
					<sval type="int" val="131075" />
					<sval type="int" val="1" />
					<sval type="int" val="5" />
				</sval>
				<sval type="array" size="6">
					<sval type="int" val="567" />
					<sval type="int" val="131075" />
					<sval type="int" val="1" />
					<sval type="int" val="6" />
					<sval type="int" val="131074" />
					<sval type="int" val="4" />
				</sval>
				<sval type="array" size="13">
					<sval type="int" val="104" />
					<sval type="int" val="7" />
					<sval type="int" val="3" />
					<sval type="int" val="131074" />
					<sval type="int" val="5" />
					<sval type="int" val="131074" />
					<sval type="int" val="6" />
					<sval type="int" val="15" />
					<sval type="int" val="13" />
					<sval type="int" val="3" />
					<sval type="int" val="-1" />
					<sval type="int" val="13" />
					<sval type="int" val="-2" />
				</sval>
				<sval type="array" size="13">
					<sval type="int" val="104" />
					<sval type="int" val="-1610610680" />
					<sval type="int" val="3" />
					<sval type="int" val="131074" />
					<sval type="int" val="7" />
					<sval type="int" val="4" />
					<sval type="int" val="0" />
					<sval type="int" val="15" />
					<sval type="int" val="0" />
					<sval type="int" val="3" />
					<sval type="int" val="-1" />
					<sval type="int" val="0" />
					<sval type="int" val="-2" />
				</sval>
				<sval type="array" size="7">
					<sval type="int" val="104" />
					<sval type="int" val="0" />
					<sval type="int" val="1" />
					<sval type="int" val="131075" />
					<sval type="int" val="9" />
					<sval type="int" val="1" />
					<sval type="int" val="-1" />
				</sval>
				<sval type="array" size="4">
					<sval type="int" val="131" />
					<sval type="int" val="-1610606589" />
					<sval type="int" val="131074" />
					<sval type="int" val="1" />
				</sval>
				<sval type="array" size="4">
					<sval type="int" val="131" />
					<sval type="int" val="9" />
					<sval type="int" val="131074" />
					<sval type="int" val="1" />
				</sval>
				<sval type="array" size="7">
					<sval type="int" val="104" />
					<sval type="int" val="-1610606583" />
					<sval type="int" val="1" />
					<sval type="int" val="131074" />
					<sval type="int" val="9" />
					<sval type="int" val="1" />
					<sval type="int" val="-1" />
				</sval>
				<sval type="array" size="2">
					<sval type="int" val="143" />
					<sval type="int" val="9" />
				</sval>
				<sval type="array" size="6">
					<sval type="int" val="129" />
					<sval type="int" val="8" />
					<sval type="int" val="131074" />
					<sval type="int" val="1" />
					<sval type="int" val="131074" />
					<sval type="int" val="9" />
				</sval>
				<sval type="array" size="6">
					<sval type="int" val="129" />
					<sval type="int" val="10" />
					<sval type="int" val="131074" />
					<sval type="int" val="8" />
					<sval type="int" val="4" />
					<sval type="int" val="0" />
				</sval>
				<sval type="array" size="6">
					<sval type="int" val="129" />
					<sval type="int" val="11" />
					<sval type="int" val="131074" />
					<sval type="int" val="8" />
					<sval type="int" val="4" />
					<sval type="int" val="1" />
				</sval>
				<sval type="array" size="19">
					<sval type="int" val="104" />
					<sval type="int" val="-1610608125" />
					<sval type="int" val="5" />
					<sval type="int" val="131074" />
					<sval type="int" val="11" />
					<sval type="int" val="9" />
					<sval type="int" val="720896" />
					<sval type="int" val="15" />
					<sval type="int" val="0" />
					<sval type="int" val="131074" />
					<sval type="int" val="0" />
					<sval type="int" val="15" />
					<sval type="int" val="9" />
					<sval type="int" val="5" />
					<sval type="int" val="-1" />
					<sval type="int" val="0" />
					<sval type="int" val="-2" />
					<sval type="int" val="9" />
					<sval type="int" val="-4" />
				</sval>
				<sval type="array" size="13">
					<sval type="int" val="104" />
					<sval type="int" val="10" />
					<sval type="int" val="3" />
					<sval type="int" val="131074" />
					<sval type="int" val="10" />
					<sval type="int" val="131074" />
					<sval type="int" val="7" />
					<sval type="int" val="15" />
					<sval type="int" val="11" />
					<sval type="int" val="3" />
					<sval type="int" val="-1" />
					<sval type="int" val="11" />
					<sval type="int" val="-2" />
				</sval>
				<sval type="array" size="7">
					<sval type="int" val="104" />
					<sval type="int" val="0" />
					<sval type="int" val="1" />
					<sval type="int" val="131075" />
					<sval type="int" val="9" />
					<sval type="int" val="1" />
					<sval type="int" val="-1" />
				</sval>
				<sval type="array" size="6">
					<sval type="int" val="619" />
					<sval type="int" val="131075" />
					<sval type="int" val="1" />
					<sval type="int" val="12" />
					<sval type="int" val="131074" />
					<sval type="int" val="11" />
				</sval>
				<sval type="array" size="13">
					<sval type="int" val="104" />
					<sval type="int" val="10" />
					<sval type="int" val="3" />
					<sval type="int" val="131074" />
					<sval type="int" val="10" />
					<sval type="int" val="131074" />
					<sval type="int" val="12" />
					<sval type="int" val="15" />
					<sval type="int" val="12" />
					<sval type="int" val="3" />
					<sval type="int" val="-1" />
					<sval type="int" val="12" />
					<sval type="int" val="-2" />
				</sval>
				<sval type="array" size="13">
					<sval type="int" val="104" />
					<sval type="int" val="-1610606845" />
					<sval type="int" val="3" />
					<sval type="int" val="131074" />
					<sval type="int" val="10" />
					<sval type="int" val="4" />
					<sval type="int" val="0" />
					<sval type="int" val="15" />
					<sval type="int" val="2" />
					<sval type="int" val="3" />
					<sval type="int" val="-1" />
					<sval type="int" val="2" />
					<sval type="int" val="-2" />
				</sval>
				<sval type="array" size="4">
					<sval type="int" val="604" />
					<sval type="int" val="13" />
					<sval type="int" val="131074" />
					<sval type="int" val="11" />
				</sval>
				<sval type="array" size="21">
					<sval type="int" val="104" />
					<sval type="int" val="3" />
					<sval type="int" val="5" />
					<sval type="int" val="131074" />
					<sval type="int" val="3" />
					<sval type="int" val="131074" />
					<sval type="int" val="13" />
					<sval type="int" val="131074" />
					<sval type="int" val="10" />
					<sval type="int" val="15" />
					<sval type="int" val="13" />
					<sval type="int" val="15" />
					<sval type="int" val="12" />
					<sval type="int" val="7" />
					<sval type="int" val="-1" />
					<sval type="int" val="12" />
					<sval type="int" val="16" />
					<sval type="int" val="-2" />
					<sval type="int" val="13" />
					<sval type="int" val="-3" />
					<sval type="int" val="17" />
				</sval>
				<sval type="array" size="2">
					<sval type="int" val="112" />
					<sval type="int" val="10" />
				</sval>
				<sval type="array" size="7">
					<sval type="int" val="104" />
					<sval type="int" val="-1610604797" />
					<sval type="int" val="1" />
					<sval type="int" val="131074" />
					<sval type="int" val="0" />
					<sval type="int" val="1" />
					<sval type="int" val="-1" />
				</sval>
				<sval type="array" size="6">
					<sval type="int" val="618" />
					<sval type="int" val="131075" />
					<sval type="int" val="1" />
					<sval type="int" val="14" />
					<sval type="int" val="9" />
					<sval type="int" val="720896" />
				</sval>
				<sval type="array" size="13">
					<sval type="int" val="104" />
					<sval type="int" val="7" />
					<sval type="int" val="3" />
					<sval type="int" val="131074" />
					<sval type="int" val="7" />
					<sval type="int" val="131074" />
					<sval type="int" val="14" />
					<sval type="int" val="15" />
					<sval type="int" val="12" />
					<sval type="int" val="3" />
					<sval type="int" val="-1" />
					<sval type="int" val="12" />
					<sval type="int" val="-2" />
				</sval>
				<sval type="array" size="13">
					<sval type="int" val="104" />
					<sval type="int" val="-1610605304" />
					<sval type="int" val="3" />
					<sval type="int" val="131074" />
					<sval type="int" val="7" />
					<sval type="int" val="4" />
					<sval type="int" val="0" />
					<sval type="int" val="15" />
					<sval type="int" val="3" />
					<sval type="int" val="3" />
					<sval type="int" val="-1" />
					<sval type="int" val="3" />
					<sval type="int" val="-2" />
				</sval>
				<sval type="array" size="7">
					<sval type="int" val="104" />
					<sval type="int" val="7" />
					<sval type="int" val="1" />
					<sval type="int" val="4" />
					<sval type="int" val="0" />
					<sval type="int" val="1" />
					<sval type="int" val="-1" />
				</sval>
				<sval type="array" size="4">
					<sval type="int" val="604" />
					<sval type="int" val="13" />
					<sval type="int" val="9" />
					<sval type="int" val="720896" />
				</sval>
				<sval type="array" size="21">
					<sval type="int" val="104" />
					<sval type="int" val="3" />
					<sval type="int" val="5" />
					<sval type="int" val="131074" />
					<sval type="int" val="3" />
					<sval type="int" val="131074" />
					<sval type="int" val="13" />
					<sval type="int" val="131074" />
					<sval type="int" val="7" />
					<sval type="int" val="15" />
					<sval type="int" val="13" />
					<sval type="int" val="15" />
					<sval type="int" val="12" />
					<sval type="int" val="7" />
					<sval type="int" val="-1" />
					<sval type="int" val="12" />
					<sval type="int" val="16" />
					<sval type="int" val="-2" />
					<sval type="int" val="13" />
					<sval type="int" val="-3" />
					<sval type="int" val="17" />
				</sval>
				<sval type="array" size="4">
					<sval type="int" val="604" />
					<sval type="int" val="13" />
					<sval type="int" val="131074" />
					<sval type="int" val="2" />
				</sval>
				<sval type="array" size="13">
					<sval type="int" val="104" />
					<sval type="int" val="-1610603773" />
					<sval type="int" val="3" />
					<sval type="int" val="131074" />
					<sval type="int" val="13" />
					<sval type="int" val="4" />
					<sval type="int" val="0" />
					<sval type="int" val="15" />
					<sval type="int" val="0" />
					<sval type="int" val="3" />
					<sval type="int" val="-1" />
					<sval type="int" val="0" />
					<sval type="int" val="-2" />
				</sval>
				<sval type="array" size="7">
					<sval type="int" val="104" />
					<sval type="int" val="15" />
					<sval type="int" val="1" />
					<sval type="int" val="4" />
					<sval type="int" val="0" />
					<sval type="int" val="1" />
					<sval type="int" val="-1" />
				</sval>
				<sval type="array" size="2">
					<sval type="int" val="112" />
					<sval type="int" val="39" />
				</sval>
				<sval type="array" size="13">
					<sval type="int" val="104" />
					<sval type="int" val="-1610603003" />
					<sval type="int" val="3" />
					<sval type="int" val="131074" />
					<sval type="int" val="13" />
					<sval type="int" val="4" />
					<sval type="int" val="1" />
					<sval type="int" val="15" />
					<sval type="int" val="0" />
					<sval type="int" val="3" />
					<sval type="int" val="-1" />
					<sval type="int" val="0" />
					<sval type="int" val="-2" />
				</sval>
				<sval type="array" size="7">
					<sval type="int" val="104" />
					<sval type="int" val="15" />
					<sval type="int" val="1" />
					<sval type="int" val="131074" />
					<sval type="int" val="3" />
					<sval type="int" val="1" />
					<sval type="int" val="-1" />
				</sval>
				<sval type="array" size="2">
					<sval type="int" val="112" />
					<sval type="int" val="39" />
				</sval>
				<sval type="array" size="13">
					<sval type="int" val="104" />
					<sval type="int" val="15" />
					<sval type="int" val="3" />
					<sval type="int" val="131074" />
					<sval type="int" val="3" />
					<sval type="int" val="131074" />
					<sval type="int" val="13" />
					<sval type="int" val="15" />
					<sval type="int" val="14" />
					<sval type="int" val="3" />
					<sval type="int" val="-1" />
					<sval type="int" val="14" />
					<sval type="int" val="-2" />
				</sval>
				<sval type="array" size="13">
					<sval type="int" val="104" />
					<sval type="int" val="-1610602232" />
					<sval type="int" val="3" />
					<sval type="int" val="131074" />
					<sval type="int" val="15" />
					<sval type="int" val="4" />
					<sval type="int" val="0" />
					<sval type="int" val="15" />
					<sval type="int" val="3" />
					<sval type="int" val="3" />
					<sval type="int" val="-1" />
					<sval type="int" val="3" />
					<sval type="int" val="-2" />
				</sval>
				<sval type="array" size="7">
					<sval type="int" val="104" />
					<sval type="int" val="15" />
					<sval type="int" val="1" />
					<sval type="int" val="4" />
					<sval type="int" val="0" />
					<sval type="int" val="1" />
					<sval type="int" val="-1" />
				</sval>
				<sval type="array" size="3">
					<sval type="int" val="103" />
					<sval type="int" val="131074" />
					<sval type="int" val="15" />
				</sval>
			</sval>
			<sval type="array" size="3">
				<sval type="array" size="2">
					<sval type="int" val="63" />
					<sval type="string" val="" />
				</sval>
				<sval type="array" size="2">
					<sval type="int" val="45" />
					<sval type="string" val="" />
				</sval>
				<sval type="array" size="2">
					<sval type="int" val="13" />
					<sval type="string" val="" />
				</sval>
			</sval>
			<sval type="array" size="21">
				<sval type="array" size="3">
					<sval type="int" val="0" />
					<sval type="int" val="1" />
					<sval type="string" val="************************************************" />
				</sval>
				<sval type="array" size="3">
					<sval type="int" val="0" />
					<sval type="int" val="1" />
					<sval type="string" val="SCRIPT NAME: plugin.zanzal.shopping.getfreecargospaceforware" />
				</sval>
				<sval type="array" size="3">
					<sval type="int" val="0" />
					<sval type="int" val="1" />
					<sval type="string" val="DESCRIPTION: " />
				</sval>
				<sval type="array" size="3">
					<sval type="int" val="0" />
					<sval type="int" val="1" />
					<sval type="string" val="" />
				</sval>
				<sval type="array" size="3">
					<sval type="int" val="0" />
					<sval type="int" val="1" />
					<sval type="string" val="AUTHOR: Zanzal          DATE: 26 January 2014" />
				</sval>
				<sval type="array" size="3">
					<sval type="int" val="0" />
					<sval type="int" val="1" />
					<sval type="string" val="************************************************" />
				</sval>
				<sval type="array" size="2">
					<sval type="int" val="2" />
					<sval type="int" val="2" />
				</sval>
				<sval type="array" size="2">
					<sval type="int" val="8" />
					<sval type="int" val="4" />
				</sval>
				<sval type="array" size="2">
					<sval type="int" val="8" />
					<sval type="int" val="2" />
				</sval>
				<sval type="array" size="2">
					<sval type="int" val="15" />
					<sval type="int" val="2" />
				</sval>
				<sval type="array" size="2">
					<sval type="int" val="18" />
					<sval type="int" val="4" />
				</sval>
				<sval type="array" size="2">
					<sval type="int" val="18" />
					<sval type="int" val="2" />
				</sval>
				<sval type="array" size="2">
					<sval type="int" val="23" />
					<sval type="int" val="4" />
				</sval>
				<sval type="array" size="2">
					<sval type="int" val="24" />
					<sval type="int" val="4" />
				</sval>
				<sval type="array" size="2">
					<sval type="int" val="24" />
					<sval type="int" val="4" />
				</sval>
				<sval type="array" size="2">
					<sval type="int" val="24" />
					<sval type="int" val="2" />
				</sval>
				<sval type="array" size="2">
					<sval type="int" val="31" />
					<sval type="int" val="4" />
				</sval>
				<sval type="array" size="2">
					<sval type="int" val="31" />
					<sval type="int" val="2" />
				</sval>
				<sval type="array" size="2">
					<sval type="int" val="38" />
					<sval type="int" val="5" />
				</sval>
				<sval type="array" size="2">
					<sval type="int" val="39" />
					<sval type="int" val="4" />
				</sval>
				<sval type="array" size="2">
					<sval type="int" val="41" />
					<sval type="int" val="2" />
				</sval>
			</sval>
			<sval type="int" val="0" />
		</sval>
	</codearray>
</script>
