<?xml version="1.0" standalone="yes"?>
<?xml-stylesheet href="x2script.xsl" type="text/xsl"?>
<!-- Generated using X-Studio -->
<script>
	<name>plugin.zanzal.shoppingassistant.menu.updatemenumax</name>
	<version>1</version>
	<engineversion>50</engineversion>
	<description></description>
	<arguments>
		<argument index="1" name="menu" type="Var/Array" desc="" />
		<argument index="2" name="shopping.list" type="Var/Array" desc="" />
		<argument index="3" name="shopping.menu.base" type="Var/Number" desc="" />
		<argument index="4" name="refobj" type="Value" desc="" />
	</arguments>
	<sourcetext>
		<line linenr="001" indent="">
			<comment>* ************************************************</comment>
		</line>
		<line linenr="002" indent="">
			<comment>* SCRIPT NAME: plugin.zanzal.shoppingassistant.menu.updatemenumax</comment>
		</line>
		<line linenr="003" indent="">
			<comment>* DESCRIPTION: </comment>
		</line>
		<line linenr="004" indent="">
			<comment>* </comment>
		</line>
		<line linenr="005" indent="">
			<comment>* AUTHOR:  Zanzal        DATE: 26 January 2014</comment>
		</line>
		<line linenr="006" indent="">
			<comment>* ************************************************</comment>
		</line>
		<line linenr="007" indent="">
			<var>$shopping.idx</var>
			<text> </text>
			<text>=</text>
			<text> </text>
			<text>size</text>
			<text> </text>
			<text>of</text>
			<text> </text>
			<text>array</text>
			<text> </text>
			<var>$shopping.list</var>
		</line>
		<line linenr="008" indent="&#160;">
			<text>while</text>
			<text> </text>
			<var>$shopping.idx</var>
		</line>
		<line linenr="009" indent="&#160;">
			<text>dec</text>
			<text> </text>
			<var>$shopping.idx</var>
		</line>
		<line linenr="010" indent="&#160;">
			<var>$shopping.item</var>
			<text> </text>
			<text>=</text>
			<text> </text>
			<var>$shopping.list</var>
			<text>[</text>
			<var>$shopping.idx</var>
			<text>]</text>
		</line>
		<line linenr="011" indent="&#160;">
			<var>$menu.item.idx</var>
			<text> </text>
			<text>=</text>
			<text> </text>
			<var>$shopping.idx</var>
			<text> </text>
			<text>+</text>
			<text> </text>
			<var>$shopping.menu.base</var>
		</line>
		<line linenr="012" indent="&#160;">
			<var>$menu.item</var>
			<text> </text>
			<text>=</text>
			<text> </text>
			<var>$menu</var>
			<text>[</text>
			<var>$menu.item.idx</var>
			<text>]</text>
		</line>
		<line linenr="013" indent="&#160;" />
		<line linenr="014" indent="&#160;">
			<comment>* Reset current amount to the shopping list wanted quantity</comment>
		</line>
		<line linenr="015" indent="&#160;">
			<var>$current</var>
			<text> </text>
			<text>=</text>
			<text> </text>
			<var>$shopping.item</var>
			<text>[</text>
			<var>0</var>
			<text>]</text>
		</line>
		<line linenr="016" indent="&#160;">
			<var>$menu.item</var>
			<text>[</text>
			<var>4</var>
			<text>]</text>
			<text> </text>
			<text>=</text>
			<text> </text>
			<var>$current</var>
		</line>
		<line linenr="017" indent="&#160;" />
		<line linenr="018" indent="&#160;&#160;">
			<comment>* Calculate maximum possible for current list</comment>
		</line>
		<line linenr="019" indent="&#160;">
			<var>$ware</var>
			<text> </text>
			<text>=</text>
			<text> </text>
			<var>$shopping.item</var>
			<text>[</text>
			<var>1</var>
			<text>]</text>
		</line>
		<line linenr="020" indent="&#160;&#160;">
			<text>if</text>
			<text> </text>
			<text>is</text>
			<text> </text>
			<text>equipment</text>
			<text>:</text>
			<text> </text>
			<text>ware</text>
			<text>=</text>
			<var>$ware</var>
		</line>
		<line linenr="021" indent="&#160;&#160;">
			<var>$max</var>
			<text> </text>
			<text>=</text>
			<text> </text>
			<var>1</var>
		</line>
		<line linenr="022" indent="&#160;">
			<text>else</text>
		</line>
		<line linenr="023" indent="&#160;" interruptable="@">
			<var>$max</var>
			<text> </text>
			<text>=</text>
			<text> </text>
			<var>$refobj</var>
			<text>-&gt;</text>
			<text> </text>
			<text>call</text>
			<text> </text>
			<text>script</text>
			<text> </text>
			<call>plugin.zanzal.shopping.getfreecargospaceforware</call>
			<text> </text>
			<text>:</text>
			<text> </text>
			<text>include.max.jumpfuel</text>
			<text>=</text>
			<var>[TRUE]</var>
			<text> </text>
			<text>shopping.list</text>
			<text>=</text>
			<var>$shopping.list</var>
			<text> </text>
			<text>ware</text>
			<text>=</text>
			<var>$ware</var>
		</line>
		<line linenr="024" indent="">
			<var>$max</var>
			<text> </text>
			<text>=</text>
			<text> </text>
			<var>$max</var>
			<text> </text>
			<text>+</text>
			<text> </text>
			<var>$current</var>
		</line>
		<line linenr="025" indent="">
			<text>end</text>
		</line>
		<line linenr="026" indent="">
			<var>$menu.item</var>
			<text>[</text>
			<var>3</var>
			<text>]</text>
			<text> </text>
			<text>=</text>
			<text> </text>
			<var>$max</var>
		</line>
		<line linenr="027" indent="">
			<text>end</text>
		</line>
		<line linenr="028" indent="" />
		<line linenr="029" indent="">
			<text>return</text>
			<text> </text>
			<var>null</var>
		</line>
	</sourcetext>
	<codearray>
		<sval type="array" size="10">
			<sval type="string" val="plugin.zanzal.shoppingassistant.menu.updatemenumax" />
			<sval type="int" val="50" />
			<sval type="string" val="" />
			<sval type="int" val="1" />
			<sval type="int" val="0" />
			<sval type="array" size="11">
				<sval type="string" val="menu" />
				<sval type="string" val="shopping.list" />
				<sval type="string" val="shopping.menu.base" />
				<sval type="string" val="refobj" />
				<sval type="string" val="shopping.item" />
				<sval type="string" val="shopping.idx" />
				<sval type="string" val="menu.item.idx" />
				<sval type="string" val="menu.item" />
				<sval type="string" val="current" />
				<sval type="string" val="ware" />
				<sval type="string" val="max" />
			</sval>
			<sval type="array" size="17">
				<sval type="array" size="4">
					<sval type="int" val="131" />
					<sval type="int" val="5" />
					<sval type="int" val="131074" />
					<sval type="int" val="1" />
				</sval>
				<sval type="array" size="7">
					<sval type="int" val="104" />
					<sval type="int" val="-1610608631" />
					<sval type="int" val="1" />
					<sval type="int" val="131074" />
					<sval type="int" val="5" />
					<sval type="int" val="1" />
					<sval type="int" val="-1" />
				</sval>
				<sval type="array" size="2">
					<sval type="int" val="143" />
					<sval type="int" val="5" />
				</sval>
				<sval type="array" size="6">
					<sval type="int" val="129" />
					<sval type="int" val="4" />
					<sval type="int" val="131074" />
					<sval type="int" val="1" />
					<sval type="int" val="131074" />
					<sval type="int" val="5" />
				</sval>
				<sval type="array" size="13">
					<sval type="int" val="104" />
					<sval type="int" val="6" />
					<sval type="int" val="3" />
					<sval type="int" val="131074" />
					<sval type="int" val="5" />
					<sval type="int" val="131074" />
					<sval type="int" val="2" />
					<sval type="int" val="15" />
					<sval type="int" val="11" />
					<sval type="int" val="3" />
					<sval type="int" val="-1" />
					<sval type="int" val="11" />
					<sval type="int" val="-2" />
				</sval>
				<sval type="array" size="6">
					<sval type="int" val="129" />
					<sval type="int" val="7" />
					<sval type="int" val="131074" />
					<sval type="int" val="0" />
					<sval type="int" val="131074" />
					<sval type="int" val="6" />
				</sval>
				<sval type="array" size="6">
					<sval type="int" val="129" />
					<sval type="int" val="8" />
					<sval type="int" val="131074" />
					<sval type="int" val="4" />
					<sval type="int" val="4" />
					<sval type="int" val="0" />
				</sval>
				<sval type="array" size="7">
					<sval type="int" val="130" />
					<sval type="int" val="131074" />
					<sval type="int" val="7" />
					<sval type="int" val="4" />
					<sval type="int" val="4" />
					<sval type="int" val="131074" />
					<sval type="int" val="8" />
				</sval>
				<sval type="array" size="6">
					<sval type="int" val="129" />
					<sval type="int" val="9" />
					<sval type="int" val="131074" />
					<sval type="int" val="4" />
					<sval type="int" val="4" />
					<sval type="int" val="1" />
				</sval>
				<sval type="array" size="4">
					<sval type="int" val="1479" />
					<sval type="int" val="-1610609661" />
					<sval type="int" val="131074" />
					<sval type="int" val="9" />
				</sval>
				<sval type="array" size="7">
					<sval type="int" val="104" />
					<sval type="int" val="10" />
					<sval type="int" val="1" />
					<sval type="int" val="4" />
					<sval type="int" val="1" />
					<sval type="int" val="1" />
					<sval type="int" val="-1" />
				</sval>
				<sval type="array" size="2">
					<sval type="int" val="112" />
					<sval type="int" val="14" />
				</sval>
				<sval type="array" size="12">
					<sval type="int" val="102" />
					<sval type="string" val="plugin.zanzal.shopping.getfreecargospaceforware" />
					<sval type="int" val="10" />
					<sval type="int" val="131074" />
					<sval type="int" val="3" />
					<sval type="int" val="3" />
					<sval type="int" val="131075" />
					<sval type="int" val="10" />
					<sval type="int" val="131074" />
					<sval type="int" val="1" />
					<sval type="int" val="131074" />
					<sval type="int" val="9" />
				</sval>
				<sval type="array" size="13">
					<sval type="int" val="104" />
					<sval type="int" val="10" />
					<sval type="int" val="3" />
					<sval type="int" val="131074" />
					<sval type="int" val="10" />
					<sval type="int" val="131074" />
					<sval type="int" val="8" />
					<sval type="int" val="15" />
					<sval type="int" val="11" />
					<sval type="int" val="3" />
					<sval type="int" val="-1" />
					<sval type="int" val="11" />
					<sval type="int" val="-2" />
				</sval>
				<sval type="array" size="7">
					<sval type="int" val="130" />
					<sval type="int" val="131074" />
					<sval type="int" val="7" />
					<sval type="int" val="4" />
					<sval type="int" val="3" />
					<sval type="int" val="131074" />
					<sval type="int" val="10" />
				</sval>
				<sval type="array" size="2">
					<sval type="int" val="112" />
					<sval type="int" val="1" />
				</sval>
				<sval type="array" size="3">
					<sval type="int" val="103" />
					<sval type="int" val="0" />
					<sval type="int" val="0" />
				</sval>
			</sval>
			<sval type="array" size="4">
				<sval type="array" size="2">
					<sval type="int" val="45" />
					<sval type="string" val="" />
				</sval>
				<sval type="array" size="2">
					<sval type="int" val="45" />
					<sval type="string" val="" />
				</sval>
				<sval type="array" size="2">
					<sval type="int" val="10" />
					<sval type="string" val="" />
				</sval>
				<sval type="array" size="2">
					<sval type="int" val="9" />
					<sval type="string" val="" />
				</sval>
			</sval>
			<sval type="array" size="14">
				<sval type="array" size="3">
					<sval type="int" val="0" />
					<sval type="int" val="1" />
					<sval type="string" val="************************************************" />
				</sval>
				<sval type="array" size="3">
					<sval type="int" val="0" />
					<sval type="int" val="1" />
					<sval type="string" val="SCRIPT NAME: plugin.zanzal.shoppingassistant.menu.updatemenumax" />
				</sval>
				<sval type="array" size="3">
					<sval type="int" val="0" />
					<sval type="int" val="1" />
					<sval type="string" val="DESCRIPTION: " />
				</sval>
				<sval type="array" size="3">
					<sval type="int" val="0" />
					<sval type="int" val="1" />
					<sval type="string" val="" />
				</sval>
				<sval type="array" size="3">
					<sval type="int" val="0" />
					<sval type="int" val="1" />
					<sval type="string" val="AUTHOR:  Zanzal        DATE: 26 January 2014" />
				</sval>
				<sval type="array" size="3">
					<sval type="int" val="0" />
					<sval type="int" val="1" />
					<sval type="string" val="************************************************" />
				</sval>
				<sval type="array" size="2">
					<sval type="int" val="6" />
					<sval type="int" val="2" />
				</sval>
				<sval type="array" size="3">
					<sval type="int" val="6" />
					<sval type="int" val="1" />
					<sval type="string" val="Reset current amount to the shopping list wanted quantity" />
				</sval>
				<sval type="array" size="2">
					<sval type="int" val="8" />
					<sval type="int" val="2" />
				</sval>
				<sval type="array" size="3">
					<sval type="int" val="8" />
					<sval type="int" val="1" />
					<sval type="string" val="Calculate maximum possible for current list" />
				</sval>
				<sval type="array" size="2">
					<sval type="int" val="12" />
					<sval type="int" val="5" />
				</sval>
				<sval type="array" size="2">
					<sval type="int" val="14" />
					<sval type="int" val="4" />
				</sval>
				<sval type="array" size="2">
					<sval type="int" val="16" />
					<sval type="int" val="4" />
				</sval>
				<sval type="array" size="2">
					<sval type="int" val="16" />
					<sval type="int" val="2" />
				</sval>
			</sval>
			<sval type="int" val="0" />
		</sval>
	</codearray>
</script>
