<?xml version="1.0" standalone="yes"?>
<?xml-stylesheet href="x2script.xsl" type="text/xsl"?>
<!-- Generated using X-Studio -->
<script>
	<name>plugin.zanzal.shoppingassistant.menu.selectstation</name>
	<version>2</version>
	<engineversion>50</engineversion>
	<description></description>
	<arguments>
		<argument index="1" name="menu" type="Var/Array" desc="" />
		<argument index="2" name="menu.item" type="Var/Array" desc="" />
		<argument index="3" name="ship" type="Var/Ship" desc="" />
	</arguments>
	<sourcetext>
		<line linenr="001" indent="">
			<comment>* ************************************************</comment>
		</line>
		<line linenr="002" indent="">
			<comment>* SCRIPT NAME: plugin.zanzal.shoppingassistant.menu.selectstation.xml</comment>
		</line>
		<line linenr="003" indent="">
			<comment>* DESCRIPTION: </comment>
		</line>
		<line linenr="004" indent="">
			<comment>* </comment>
		</line>
		<line linenr="005" indent="">
			<comment>* AUTHOR:  Zanzal         DATE: 29 October 2014</comment>
		</line>
		<line linenr="006" indent="">
			<comment>* ************************************************</comment>
		</line>
		<line linenr="007" indent="">
			<var>$pageid</var>
			<text> </text>
			<text>=</text>
			<text> </text>
			<var>8104</var>
		</line>
		<line linenr="008" indent="">
			<var>$input.title</var>
			<text> </text>
			<text>=</text>
			<text> </text>
			<text>read</text>
			<text> </text>
			<text>text</text>
			<text>:</text>
			<text> </text>
			<text>page</text>
			<text>=</text>
			<var>$pageid</var>
			<text> </text>
			<text>id</text>
			<text>=</text>
			<var>14</var>
		</line>
		<line linenr="009" indent="">
			<var>$yellow.text</var>
			<text> </text>
			<text>=</text>
			<text> </text>
			<text>read</text>
			<text> </text>
			<text>text</text>
			<text>:</text>
			<text> </text>
			<text>page</text>
			<text>=</text>
			<var>$pageid</var>
			<text> </text>
			<text>id</text>
			<text>=</text>
			<var>15</var>
		</line>
		<line linenr="010" indent="" />
		<line linenr="011" indent="">
			<var>$dest.station</var>
			<text> </text>
			<text>=</text>
			<text> </text>
			<var>[THIS]</var>
			<text>-&gt;</text>
			<text> </text>
			<text>get</text>
			<text> </text>
			<text>user</text>
			<text> </text>
			<text>input</text>
			<text>:</text>
			<text> </text>
			<text>type</text>
			<text>=</text>
			<var>[Var/Station]</var>
			<text>,</text>
			<text> </text>
			<text>title</text>
			<text>=</text>
			<var>$input.title</var>
		</line>
		<line linenr="012" indent="">
			<text>if</text>
			<text> </text>
			<text>is</text>
			<text> </text>
			<text>datatype</text>
			<text>[</text>
			<var>$dest.station</var>
			<text>]</text>
			<text> </text>
			<text>==</text>
			<text> </text>
			<var>[DATATYPE_STATION]</var>
		</line>
		<line linenr="013" indent="&#160;">
			<var>$ship.subtype</var>
			<text> </text>
			<text>=</text>
			<text> </text>
			<var>$ship</var>
			<text> </text>
			<text>-&gt;</text>
			<text> </text>
			<text>get</text>
			<text> </text>
			<text>subtype</text>
		</line>
		<line linenr="014" indent="&#160;">
			<text>if</text>
			<text> </text>
			<text>not</text>
			<text> </text>
			<var>$dest.station</var>
			<text>-&gt;</text>
			<text> </text>
			<text>has</text>
			<text> </text>
			<text>a</text>
			<text> </text>
			<text>free</text>
			<text> </text>
			<text>ship</text>
			<text> </text>
			<text>dock</text>
			<text> </text>
			<text>port</text>
			<text>:</text>
			<text> </text>
			<text>ship</text>
			<text> </text>
			<text>subtype</text>
			<text> </text>
			<text>=</text>
			<text> </text>
			<var>$ship.subtype</var>
		</line>
		<line linenr="015" indent="&#160;&#160;" interruptable="@">
			<text>START</text>
			<text> </text>
			<text>speak</text>
			<text> </text>
			<text>text</text>
			<text>:</text>
			<text> </text>
			<text>page</text>
			<text>=</text>
			<var>13</var>
			<text> </text>
			<text>id</text>
			<text>=</text>
			<var>1284</var>
			<text> </text>
			<text>priority</text>
			<text>=</text>
			<var>50</var>
		</line>
		<line linenr="016" indent="&#160;&#160;">
			<text>return</text>
			<text> </text>
			<var>null</var>
		</line>
		<line linenr="017" indent="&#160;">
			<text>end</text>
		</line>
		<line linenr="018" indent="&#160;">
			<text>if</text>
			<text> </text>
			<text>not</text>
			<text> </text>
			<var>$dest.station</var>
			<text> </text>
			<text>-&gt;</text>
			<text> </text>
			<text>is</text>
			<text> </text>
			<text>docking</text>
			<text> </text>
			<text>possible</text>
			<text> </text>
			<text>of</text>
			<text> </text>
			<var>$ship</var>
		</line>
		<line linenr="019" indent="&#160;&#160;" interruptable="@">
			<text>START</text>
			<text> </text>
			<text>speak</text>
			<text> </text>
			<text>text</text>
			<text>:</text>
			<text> </text>
			<text>page</text>
			<text>=</text>
			<var>13</var>
			<text> </text>
			<text>id</text>
			<text>=</text>
			<var>1284</var>
			<text> </text>
			<text>priority</text>
			<text>=</text>
			<var>50</var>
		</line>
		<line linenr="020" indent="&#160;&#160;">
			<text>return</text>
			<text> </text>
			<var>null</var>
		</line>
		<line linenr="021" indent="&#160;">
			<text>end</text>
		</line>
		<line linenr="022" indent="&#160;">
			<text>if</text>
			<text> </text>
			<text>not</text>
			<text> </text>
			<var>$ship</var>
			<text> </text>
			<text>-&gt;</text>
			<text> </text>
			<text>is</text>
			<text> </text>
			<text>docking</text>
			<text> </text>
			<text>allowed</text>
			<text> </text>
			<text>at</text>
			<text> </text>
			<var>$dest.station</var>
		</line>
		<line linenr="023" indent="&#160;&#160;" interruptable="@">
			<text>START</text>
			<text> </text>
			<text>speak</text>
			<text> </text>
			<text>text</text>
			<text>:</text>
			<text> </text>
			<text>page</text>
			<text>=</text>
			<var>13</var>
			<text> </text>
			<text>id</text>
			<text>=</text>
			<var>1284</var>
			<text> </text>
			<text>priority</text>
			<text>=</text>
			<var>50</var>
		</line>
		<line linenr="024" indent="&#160;&#160;">
			<text>return</text>
			<text> </text>
			<var>null</var>
		</line>
		<line linenr="025" indent="&#160;">
			<text>end</text>
		</line>
		<line linenr="026" indent="&#160;">
			<var>$menu.caption</var>
			<text> </text>
			<text>=</text>
			<text> </text>
			<var>$menu.item</var>
			<text>[</text>
			<var>0</var>
			<text>]</text>
		</line>
		<line linenr="027" indent="&#160;">
			<var>$dest.station.text</var>
			<text> </text>
			<text>=</text>
			<text> </text>
			<text>sprintf</text>
			<text>:</text>
			<text> </text>
			<text>fmt</text>
			<text>=</text>
			<var>$yellow.text</var>
			<text>,</text>
			<text> </text>
			<var>$dest.station</var>
			<text>,</text>
			<text> </text>
			<var>null</var>
			<text>,</text>
			<text> </text>
			<var>null</var>
			<text>,</text>
			<text> </text>
			<var>null</var>
			<text>,</text>
			<text> </text>
			<var>null</var>
		</line>
		<line linenr="028" indent="&#160;">
			<var>$ship</var>
			<text>-&gt;</text>
			<text>set</text>
			<text> </text>
			<text>local</text>
			<text> </text>
			<text>variable</text>
			<text>:</text>
			<text> </text>
			<text>name</text>
			<text>=</text>
			<text>'shoppingassistant.finaldestination'</text>
			<text> </text>
			<text>value</text>
			<text>=</text>
			<var>$dest.station</var>
		</line>
		<line linenr="029" indent="&#160;">
			<var>$menu.caption</var>
			<text>[</text>
			<var>3</var>
			<text>]</text>
			<text> </text>
			<text>=</text>
			<text> </text>
			<var>$dest.station.text</var>
		</line>
		<line linenr="030" indent="">
			<text>end</text>
		</line>
		<line linenr="031" indent="" />
		<line linenr="032" indent="">
			<text>return</text>
			<text> </text>
			<var>null</var>
		</line>
	</sourcetext>
	<codearray>
		<sval type="array" size="10">
			<sval type="string" val="plugin.zanzal.shoppingassistant.menu.selectstation" />
			<sval type="int" val="50" />
			<sval type="string" val="" />
			<sval type="int" val="2" />
			<sval type="int" val="0" />
			<sval type="array" size="10">
				<sval type="string" val="menu" />
				<sval type="string" val="menu.item" />
				<sval type="string" val="ship" />
				<sval type="string" val="pageid" />
				<sval type="string" val="input.title" />
				<sval type="string" val="yellow.text" />
				<sval type="string" val="dest.station" />
				<sval type="string" val="ship.subtype" />
				<sval type="string" val="menu.caption" />
				<sval type="string" val="dest.station.text" />
			</sval>
			<sval type="array" size="20">
				<sval type="array" size="7">
					<sval type="int" val="104" />
					<sval type="int" val="3" />
					<sval type="int" val="1" />
					<sval type="int" val="4" />
					<sval type="int" val="8104" />
					<sval type="int" val="1" />
					<sval type="int" val="-1" />
				</sval>
				<sval type="array" size="6">
					<sval type="int" val="126" />
					<sval type="int" val="4" />
					<sval type="int" val="131074" />
					<sval type="int" val="3" />
					<sval type="int" val="4" />
					<sval type="int" val="14" />
				</sval>
				<sval type="array" size="6">
					<sval type="int" val="126" />
					<sval type="int" val="5" />
					<sval type="int" val="131074" />
					<sval type="int" val="3" />
					<sval type="int" val="4" />
					<sval type="int" val="15" />
				</sval>
				<sval type="array" size="8">
					<sval type="int" val="1329" />
					<sval type="int" val="131075" />
					<sval type="int" val="1" />
					<sval type="int" val="6" />
					<sval type="int" val="24" />
					<sval type="int" val="12" />
					<sval type="int" val="131074" />
					<sval type="int" val="4" />
				</sval>
				<sval type="array" size="6">
					<sval type="int" val="125" />
					<sval type="int" val="-1610607869" />
					<sval type="int" val="131074" />
					<sval type="int" val="6" />
					<sval type="int" val="20" />
					<sval type="int" val="65543" />
				</sval>
				<sval type="array" size="4">
					<sval type="int" val="660" />
					<sval type="int" val="131074" />
					<sval type="int" val="2" />
					<sval type="int" val="7" />
				</sval>
				<sval type="array" size="6">
					<sval type="int" val="1019" />
					<sval type="int" val="131074" />
					<sval type="int" val="6" />
					<sval type="int" val="-536868604" />
					<sval type="int" val="131074" />
					<sval type="int" val="7" />
				</sval>
				<sval type="array" size="8">
					<sval type="int" val="1042" />
					<sval type="int" val="-2147483646" />
					<sval type="int" val="4" />
					<sval type="int" val="13" />
					<sval type="int" val="4" />
					<sval type="int" val="1284" />
					<sval type="int" val="4" />
					<sval type="int" val="50" />
				</sval>
				<sval type="array" size="3">
					<sval type="int" val="103" />
					<sval type="int" val="0" />
					<sval type="int" val="0" />
				</sval>
				<sval type="array" size="6">
					<sval type="int" val="746" />
					<sval type="int" val="131074" />
					<sval type="int" val="6" />
					<sval type="int" val="-536867836" />
					<sval type="int" val="131074" />
					<sval type="int" val="2" />
				</sval>
				<sval type="array" size="8">
					<sval type="int" val="1042" />
					<sval type="int" val="-2147483646" />
					<sval type="int" val="4" />
					<sval type="int" val="13" />
					<sval type="int" val="4" />
					<sval type="int" val="1284" />
					<sval type="int" val="4" />
					<sval type="int" val="50" />
				</sval>
				<sval type="array" size="3">
					<sval type="int" val="103" />
					<sval type="int" val="0" />
					<sval type="int" val="0" />
				</sval>
				<sval type="array" size="6">
					<sval type="int" val="513" />
					<sval type="int" val="131074" />
					<sval type="int" val="2" />
					<sval type="int" val="-536867068" />
					<sval type="int" val="131074" />
					<sval type="int" val="6" />
				</sval>
				<sval type="array" size="8">
					<sval type="int" val="1042" />
					<sval type="int" val="-2147483646" />
					<sval type="int" val="4" />
					<sval type="int" val="13" />
					<sval type="int" val="4" />
					<sval type="int" val="1284" />
					<sval type="int" val="4" />
					<sval type="int" val="50" />
				</sval>
				<sval type="array" size="3">
					<sval type="int" val="103" />
					<sval type="int" val="0" />
					<sval type="int" val="0" />
				</sval>
				<sval type="array" size="6">
					<sval type="int" val="129" />
					<sval type="int" val="8" />
					<sval type="int" val="131074" />
					<sval type="int" val="1" />
					<sval type="int" val="4" />
					<sval type="int" val="0" />
				</sval>
				<sval type="array" size="14">
					<sval type="int" val="149" />
					<sval type="int" val="9" />
					<sval type="int" val="131074" />
					<sval type="int" val="5" />
					<sval type="int" val="131074" />
					<sval type="int" val="6" />
					<sval type="int" val="0" />
					<sval type="int" val="0" />
					<sval type="int" val="0" />
					<sval type="int" val="0" />
					<sval type="int" val="0" />
					<sval type="int" val="0" />
					<sval type="int" val="0" />
					<sval type="int" val="0" />
				</sval>
				<sval type="array" size="7">
					<sval type="int" val="155" />
					<sval type="int" val="131074" />
					<sval type="int" val="2" />
					<sval type="int" val="5" />
					<sval type="string" val="shoppingassistant.finaldestination" />
					<sval type="int" val="131074" />
					<sval type="int" val="6" />
				</sval>
				<sval type="array" size="7">
					<sval type="int" val="130" />
					<sval type="int" val="131074" />
					<sval type="int" val="8" />
					<sval type="int" val="4" />
					<sval type="int" val="3" />
					<sval type="int" val="131074" />
					<sval type="int" val="9" />
				</sval>
				<sval type="array" size="3">
					<sval type="int" val="103" />
					<sval type="int" val="0" />
					<sval type="int" val="0" />
				</sval>
			</sval>
			<sval type="array" size="3">
				<sval type="array" size="2">
					<sval type="int" val="45" />
					<sval type="string" val="" />
				</sval>
				<sval type="array" size="2">
					<sval type="int" val="45" />
					<sval type="string" val="" />
				</sval>
				<sval type="array" size="2">
					<sval type="int" val="21" />
					<sval type="string" val="" />
				</sval>
			</sval>
			<sval type="array" size="12">
				<sval type="array" size="3">
					<sval type="int" val="0" />
					<sval type="int" val="1" />
					<sval type="string" val="************************************************" />
				</sval>
				<sval type="array" size="3">
					<sval type="int" val="0" />
					<sval type="int" val="1" />
					<sval type="string" val="SCRIPT NAME: plugin.zanzal.shoppingassistant.menu.selectstation.xml" />
				</sval>
				<sval type="array" size="3">
					<sval type="int" val="0" />
					<sval type="int" val="1" />
					<sval type="string" val="DESCRIPTION: " />
				</sval>
				<sval type="array" size="3">
					<sval type="int" val="0" />
					<sval type="int" val="1" />
					<sval type="string" val="" />
				</sval>
				<sval type="array" size="3">
					<sval type="int" val="0" />
					<sval type="int" val="1" />
					<sval type="string" val="AUTHOR:  Zanzal         DATE: 29 October 2014" />
				</sval>
				<sval type="array" size="3">
					<sval type="int" val="0" />
					<sval type="int" val="1" />
					<sval type="string" val="************************************************" />
				</sval>
				<sval type="array" size="2">
					<sval type="int" val="3" />
					<sval type="int" val="2" />
				</sval>
				<sval type="array" size="2">
					<sval type="int" val="9" />
					<sval type="int" val="4" />
				</sval>
				<sval type="array" size="2">
					<sval type="int" val="12" />
					<sval type="int" val="4" />
				</sval>
				<sval type="array" size="2">
					<sval type="int" val="15" />
					<sval type="int" val="4" />
				</sval>
				<sval type="array" size="2">
					<sval type="int" val="19" />
					<sval type="int" val="4" />
				</sval>
				<sval type="array" size="2">
					<sval type="int" val="19" />
					<sval type="int" val="2" />
				</sval>
			</sval>
			<sval type="int" val="0" />
		</sval>
	</codearray>
</script>
